PRAGMA foreign_keys=OFF;
BEGIN TRANSACTION;
CREATE TABLE alembic_version (
	version_num VARCHAR(32) NOT NULL, 
	CONSTRAINT alembic_version_pkc PRIMARY KEY (version_num)
);
INSERT INTO alembic_version VALUES('d9319f6e738f');
CREATE TABLE customer (
	id INTEGER NOT NULL, 
	"customerCode" VARCHAR(100) NOT NULL, 
	name VARCHAR(100) NOT NULL, 
	PRIMARY KEY (id), 
	UNIQUE ("customerCode")
);
INSERT INTO customer VALUES(1,'515E1000','515 Exteriors, LLC');
INSERT INTO customer VALUES(2,'5THG1000','5th Generation Construction');
INSERT INTO customer VALUES(3,'911R1000','911 Restoration Of Des Moines');
INSERT INTO customer VALUES(4,'ACCE1200','Accel Construction Group Inc.');
INSERT INTO customer VALUES(5,'ACCU1000','Accurate Development');
INSERT INTO customer VALUES(6,'ACCU1300','Accurate Commercial');
INSERT INTO customer VALUES(7,'ACER1000','Ace Remodeling');
INSERT INTO customer VALUES(8,'ADVA1500','Advantage Siding');
INSERT INTO customer VALUES(9,'AECE1000','AEC Enterprises');
INSERT INTO customer VALUES(10,'AFFH1000','Affinity Homes, LLC');
INSERT INTO customer VALUES(11,'AIMC1000','Aim Construction');
INSERT INTO customer VALUES(12,'AKSA1000','Aksamovic\ Saudin & Jenny');
INSERT INTO customer VALUES(13,'ALAI1000','Alair Homes');
INSERT INTO customer VALUES(14,'ALBA1000','Albaugh/Dennis');
INSERT INTO customer VALUES(15,'ALBA1100','Albaugh\ Matt');
INSERT INTO customer VALUES(16,'ALLE1700','Allen\ Trey');
INSERT INTO customer VALUES(17,'ALLI1100','Allied Construction Services');
INSERT INTO customer VALUES(18,'ALLI1200','Allied Retail Concepts, LLC');
INSERT INTO customer VALUES(19,'ALLI1300','Allison Carp. & Contracting');
INSERT INTO customer VALUES(20,'AMAZ1000','Amazed Construction Services');
INSERT INTO customer VALUES(21,'AMIC1000','Amick/Lonny');
INSERT INTO customer VALUES(22,'ANCH1000','Anchored Walls');
INSERT INTO customer VALUES(23,'ANDE1000','Anderson LLC/ Ken');
INSERT INTO customer VALUES(24,'ANKE1100','Ankeny IKES');
INSERT INTO customer VALUES(25,'APEX1000','Apex Construction Solutions');
INSERT INTO customer VALUES(26,'APEX1300','Apex Window Solutions, Inc.');
INSERT INTO customer VALUES(27,'ARCH1200','Archway Properties');
INSERT INTO customer VALUES(28,'ARCH1300','Archstone Construction');
INSERT INTO customer VALUES(29,'ARGA1000','Arganbright''s Inc.');
INSERT INTO customer VALUES(30,'ASMC1000','ASM Construction LLC');
INSERT INTO customer VALUES(31,'ATKI1000','Atkin Construction');
INSERT INTO customer VALUES(32,'AUST1000','Austin Builders, LLC');
INSERT INTO customer VALUES(33,'AUTU1100','Autumn Ridge Development');
INSERT INTO customer VALUES(34,'AWYE1000','A-Wye Electric');
INSERT INTO customer VALUES(35,'AZAR1000','AZA Remodeling LLC');
INSERT INTO customer VALUES(36,'BADD1000','Badding Construction');
INSERT INTO customer VALUES(37,'BAIL1000','Bailey Built Homes');
INSERT INTO customer VALUES(38,'BAKE1200','Baker Group');
INSERT INTO customer VALUES(39,'BAKE1400','Baker Interiors Systems LLC');
INSERT INTO customer VALUES(40,'BALL1200','Ball Team');
INSERT INTO customer VALUES(41,'BALL1300','Ballman Construction LLC');
INSERT INTO customer VALUES(42,'BARD1000','Bardwell Construction, Inc.');
INSERT INTO customer VALUES(43,'BARH1000','Bar Harbor Homes LLC');
INSERT INTO customer VALUES(44,'BARN1000','Barnett Const. & Development');
INSERT INTO customer VALUES(45,'BARN1100','Barnett Construction');
INSERT INTO customer VALUES(46,'BARN1300','Barnum Floors');
INSERT INTO customer VALUES(47,'BATA1000','Batalevic/ Bego');
INSERT INTO customer VALUES(48,'BAUE1300','Bauer Design Build LLC');
INSERT INTO customer VALUES(49,'BBTR1000','BBT Rentals');
INSERT INTO customer VALUES(50,'BCSI1000','BC Siding');
INSERT INTO customer VALUES(51,'BDCO1000','B & D Construction');
INSERT INTO customer VALUES(52,'BEAL1100','Beal Derkenne Construction');
INSERT INTO customer VALUES(53,'BEAV1000','Beaverbrook Builders LLC');
INSERT INTO customer VALUES(54,'BEIS1000','Beisser/Kim');
INSERT INTO customer VALUES(55,'BELC1000','Belcher & Long');
INSERT INTO customer VALUES(56,'BELL1000','Bell Homes');
INSERT INTO customer VALUES(57,'BENC1000','BENCHMARK CONSTRUCTION LLC');
INSERT INTO customer VALUES(58,'BENC1100','Benchmark Builders Iowa');
INSERT INTO customer VALUES(59,'BENF1000','Ben F. Blanton Construction');
INSERT INTO customer VALUES(60,'BENN1000','Bennett Constr./John R.');
INSERT INTO customer VALUES(61,'BENT1000','Benton Construction');
INSERT INTO customer VALUES(62,'BERR1000','Berry/Robert');
INSERT INTO customer VALUES(63,'BETT1200','Better Builders, LLC');
INSERT INTO customer VALUES(64,'BIGE1100','Bigelow Ag & Engineering');
INSERT INTO customer VALUES(65,'BIRD1000','Birdland Construction');
INSERT INTO customer VALUES(66,'BLAC1600','Black Mamba Investments');
INSERT INTO customer VALUES(67,'BLAI1100','Blair Construction & Mech, LLC');
INSERT INTO customer VALUES(68,'BLAN1200','Blanco\ Allan');
INSERT INTO customer VALUES(69,'BLCP1000','Installed Sales / BLCP');
INSERT INTO customer VALUES(70,'BLGB1000','BLG Builders');
INSERT INTO customer VALUES(71,'BLUE1100','Blue Ribbon Builders');
INSERT INTO customer VALUES(72,'BLUE1600','Blue Ribbon Contracting, LLC');
INSERT INTO customer VALUES(73,'BNRC1000','BNR Construction Inc.');
INSERT INTO customer VALUES(74,'BNTB1000','BNT Builders');
INSERT INTO customer VALUES(75,'BOAL1000','Boal\ Robert E.');
INSERT INTO customer VALUES(76,'BOES1000','Boes/ Ryan');
INSERT INTO customer VALUES(77,'BOON1100','Boone Construction, Inc');
INSERT INTO customer VALUES(78,'BOUL1100','Boulevard Building Company LLC');
INSERT INTO customer VALUES(79,'BOWM1000','Bowman Construction');
INSERT INTO customer VALUES(80,'BRAD1100','Bradley Tools & Fasteners, Inc');
INSERT INTO customer VALUES(81,'BRAG1000','Braga LTD');
INSERT INTO customer VALUES(82,'BREN1500','Brenner Built');
INSERT INTO customer VALUES(83,'BREZ1000','Brezina Homes');
INSERT INTO customer VALUES(84,'BRIC1100','BriCar Investments');
INSERT INTO customer VALUES(85,'BROA1000','Broadway Builders');
INSERT INTO customer VALUES(86,'BROC1100','Brocon Services');
INSERT INTO customer VALUES(87,'BROD1100','Broderick\ Adam');
INSERT INTO customer VALUES(88,'BROO1200','Brooks Homes LLC');
INSERT INTO customer VALUES(89,'BROW1600','Brown\ Matt');
INSERT INTO customer VALUES(90,'BRUI1000','Bruinekool\ Matt');
INSERT INTO customer VALUES(91,'BRYA1100','Bryan Exteriors');
INSERT INTO customer VALUES(92,'BRYA1200','Bryan Flooring');
INSERT INTO customer VALUES(93,'BSRE1000','BS Rentals');
INSERT INTO customer VALUES(94,'BTBU1000','BT Builders, LLC');
INSERT INTO customer VALUES(95,'BTCO1000','BT Construction');
INSERT INTO customer VALUES(96,'BTCO1100','B.T. Construction');
INSERT INTO customer VALUES(97,'BUCH1000','Buchanan Builders');
INSERT INTO customer VALUES(98,'BUCH1001','Buchanan Builders- Comp Div');
INSERT INTO customer VALUES(99,'BUIL1000','Builders Wholesale');
INSERT INTO customer VALUES(100,'BUIL1200','Builders Wholesale/Fleetwood');
INSERT INTO customer VALUES(101,'BUIL1300','Builders Wholesale/S.Grubb');
INSERT INTO customer VALUES(102,'BUIL2100','Built Right Homes LLC');
INSERT INTO customer VALUES(103,'BUIL2300','Builders W\ Breckenridge');
INSERT INTO customer VALUES(104,'BUIL2400','Builders W\ Craig Roberts');
INSERT INTO customer VALUES(105,'BURE1000','Buresh Home Solutions');
INSERT INTO customer VALUES(106,'BURK1000','Burkett Construction LLC');
INSERT INTO customer VALUES(107,'BUSH1100','Bushong Construction');
INSERT INTO customer VALUES(108,'BUSS1000','Bussanmas LLC/Jerry');
INSERT INTO customer VALUES(109,'BUTN1100','Butner\Coy');
INSERT INTO customer VALUES(110,'BUTZ1000','Butzke Burch Construction, Inc');
INSERT INTO customer VALUES(111,'BYER1000','Byers Const/ Jack');
INSERT INTO customer VALUES(112,'CALI1100','Caliber Homes');
INSERT INTO customer VALUES(113,'CANI1000','Canine Carpentry');
INSERT INTO customer VALUES(114,'CANO1000','Cano\ Joseph');
INSERT INTO customer VALUES(115,'CAPI1000','Capitol City Construction');
INSERT INTO customer VALUES(116,'CAPI1200','Capital Contracting LLC');
INSERT INTO customer VALUES(117,'CARL1200','Carlisle Comm. School Dist.');
INSERT INTO customer VALUES(118,'CASA1200','Casas\ Bianca');
INSERT INTO customer VALUES(119,'CASN1000','Casner Construction');
INSERT INTO customer VALUES(120,'CATH1100','Catherine Renae Thomas Design');
INSERT INTO customer VALUES(121,'CDTC1000','CDT Contracting, LLC');
INSERT INTO customer VALUES(122,'CEDA1000','Cedarbrook Builders');
INSERT INTO customer VALUES(123,'CENT1100','Centurion Stone Of Iowa');
INSERT INTO customer VALUES(124,'CEPH1000','CepherHope Homes LLC');
INSERT INTO customer VALUES(125,'CHAP1400','Chapman\ Chris');
INSERT INTO customer VALUES(126,'CHAP1700','Chapman Decks LLC');
INSERT INTO customer VALUES(127,'CHRI1000','Christensen/ Ronald');
INSERT INTO customer VALUES(128,'CITY1300','City Of Johnston');
INSERT INTO customer VALUES(129,'CITY1500','City Of Urbandale');
INSERT INTO customer VALUES(130,'CLAD1000','Clad Enterprise, LLC');
INSERT INTO customer VALUES(131,'CLAM1000','Claman Custom Homes');
INSERT INTO customer VALUES(132,'CLAR1000','Clarity Construction');
INSERT INTO customer VALUES(133,'CLAS1000','Classic Designs');
INSERT INTO customer VALUES(134,'CLCA1000','C.L. Carroll Co. Inc.');
INSERT INTO customer VALUES(135,'COBA1000','Cobalt Homes. Inc.');
INSERT INTO customer VALUES(136,'COHR1000','Cohron/A.M.');
INSERT INTO customer VALUES(137,'COLB1100','Colby Custom Homes');
INSERT INTO customer VALUES(138,'COLO1000','Colonial Homes');
INSERT INTO customer VALUES(139,'COMM1200','Community Housing Initiatives');
INSERT INTO customer VALUES(140,'COMP1200','Compelling Homes');
INSERT INTO customer VALUES(141,'CONC1600','Concrete Connection, LLC');
INSERT INTO customer VALUES(142,'CONT1000','Contractors Group');
INSERT INTO customer VALUES(143,'COPP1100','Copper Ridge Builders');
INSERT INTO customer VALUES(144,'CORE1300','Core Structural Services');
INSERT INTO customer VALUES(145,'CORK1000','Corkrean Homes');
INSERT INTO customer VALUES(146,'CORK1100','Corkrean Construction LLC');
INSERT INTO customer VALUES(147,'CORN1200','Cornerstone Commercial Cont.');
INSERT INTO customer VALUES(148,'CORY1200','Cory\ TJ & Shawn');
INSERT INTO customer VALUES(149,'COSG1000','Cosgriff Development');
INSERT INTO customer VALUES(150,'COUN1200','Country Time Builders LLC');
INSERT INTO customer VALUES(151,'COUN1300','Country Landscapes, Inc.');
INSERT INTO customer VALUES(152,'CRAM1000','Cramer & Associates');
INSERT INTO customer VALUES(153,'CREA1000','Creative Homes LLC');
INSERT INTO customer VALUES(154,'CRGR1000','CRG Residential, LLC');
INSERT INTO customer VALUES(155,'CROS1000','Crose & Lemke Construction');
INSERT INTO customer VALUES(156,'CROS1400','Crossover Construction Inc.');
INSERT INTO customer VALUES(157,'CROU1100','Crouch\ Seth');
INSERT INTO customer VALUES(158,'CRUC1000','Cruchelow\ Garry');
INSERT INTO customer VALUES(159,'CURR1300','Curry''s Custom Carpentry');
INSERT INTO customer VALUES(160,'CUST2700','Custom Humpal Homes LLC');
INSERT INTO customer VALUES(161,'customerCode','name');
INSERT INTO customer VALUES(162,'CUTT1000','Cutting Edge Carpentry');
INSERT INTO customer VALUES(163,'CYCL1100','Cyclone Contracting Corp.');
INSERT INTO customer VALUES(164,'CZPR1000','C & Z Properties');
INSERT INTO customer VALUES(165,'DANI1600','Dan I''m Good, LLC');
INSERT INTO customer VALUES(166,'DAVI1500','Davison Siding & Window');
INSERT INTO customer VALUES(167,'DAVI2000','Davidson\ David');
INSERT INTO customer VALUES(168,'DBKC1000','DBK Construction');
INSERT INTO customer VALUES(169,'DCIG1000','DCI Group, Inc.');
INSERT INTO customer VALUES(170,'DEAN1000','Dean Snyder Construction');
INSERT INTO customer VALUES(171,'DEAN1100','Dean Snyder - Anderson Div');
INSERT INTO customer VALUES(172,'DEAR1000','Deardorff\ Randy');
INSERT INTO customer VALUES(173,'DECK1000','Decker Construction Services');
INSERT INTO customer VALUES(174,'DECK1200','Decker Renovations');
INSERT INTO customer VALUES(175,'DEEZ1000','Dee Zee Inc');
INSERT INTO customer VALUES(176,'DELP1100','Jeremiah Delp');
INSERT INTO customer VALUES(177,'DEMI1000','Demir Homes');
INSERT INTO customer VALUES(178,'DENT1000','Denton Homes');
INSERT INTO customer VALUES(179,'DEPE1000','Depenning\ Dylan');
INSERT INTO customer VALUES(180,'DEPT1000','Department Of Public Defense');
INSERT INTO customer VALUES(181,'DESM1000','Des Moines Area Comm. College');
INSERT INTO customer VALUES(182,'DESM1100','Des Moines Habit.For Humanity');
INSERT INTO customer VALUES(183,'DESM1300','Des Moines Landscapes');
INSERT INTO customer VALUES(184,'DESM1400','Des Moines Deck LLC');
INSERT INTO customer VALUES(185,'DETO1000','Detour Homes, LLC');
INSERT INTO customer VALUES(186,'DIII1000','DIII Carpentry, LLC');
INSERT INTO customer VALUES(187,'DILL1100','Dillon Construction');
INSERT INTO customer VALUES(188,'DITT1000','Dittmer/Bob');
INSERT INTO customer VALUES(189,'DITT1200','Dittmer\ Kyle');
INSERT INTO customer VALUES(190,'DODS1100','Dodson\ Bryan & Ashlee');
INSERT INTO customer VALUES(191,'DOER1000','Doerhoff\ Robert & Kate');
INSERT INTO customer VALUES(192,'DONA1000','Donahue/ Travis');
INSERT INTO customer VALUES(193,'DOWN1100','Downing Construction');
INSERT INTO customer VALUES(194,'DREA1100','Dreamscape Homebuilders');
INSERT INTO customer VALUES(195,'DSMI1000','DSM Independent Comm Schools');
INSERT INTO customer VALUES(196,'DSMP1000','DSM Property Services, LLC');
INSERT INTO customer VALUES(197,'DUER1000','Duer & Sons Remodeling');
INSERT INTO customer VALUES(198,'DUFF1100','Duff\Todd');
INSERT INTO customer VALUES(199,'DUNC1000','Duncan Construction');
INSERT INTO customer VALUES(200,'DUNL1000','Dunlap Construction');
INSERT INTO customer VALUES(201,'EAGL1000','Eagle Sign & Advertising Co.');
INSERT INTO customer VALUES(202,'EAST1200','Eastman/Jud');
INSERT INTO customer VALUES(203,'EAST1700','Easter\ Brian Charles');
INSERT INTO customer VALUES(204,'EATO1000','Eaton Construction/ Jack');
INSERT INTO customer VALUES(205,'EDEN1000','Eden Custom Homes');
INSERT INTO customer VALUES(206,'EDEN1300','Eden & Gray Design Build');
INSERT INTO customer VALUES(207,'EDGE1000','Edge Commercial');
INSERT INTO customer VALUES(208,'EDGI1200','Edgington/Gary');
INSERT INTO customer VALUES(209,'EDHI1000','Ed Hildreth Construction,LLC');
INSERT INTO customer VALUES(210,'EDWA1100','Edwards\ Pat & Ellen');
INSERT INTO customer VALUES(211,'EDWA1200','Edwards\ Matt');
INSERT INTO customer VALUES(212,'EICK1000','Eick & Day Construction, LLC');
INSERT INTO customer VALUES(213,'ELEG1000','Elegant Homes, LLC');
INSERT INTO customer VALUES(214,'ELEV1000','Elevate Development');
INSERT INTO customer VALUES(215,'ELEV1200','Elevate Homes Inc.');
INSERT INTO customer VALUES(216,'ELEV1300','Elevated Construction Company');
INSERT INTO customer VALUES(217,'ELHR1000','ELH Remodeling');
INSERT INTO customer VALUES(218,'ELIT1100','Elite Carpentry');
INSERT INTO customer VALUES(219,'ELIT1800','Elite Handyman & Remodeling');
INSERT INTO customer VALUES(220,'ELKR1000','Elk River Contracting LLC');
INSERT INTO customer VALUES(221,'ELLE1000','Eller Builders');
INSERT INTO customer VALUES(222,'ELLW1000','Ellwanger Expressions');
INSERT INTO customer VALUES(223,'ELSE1000','Else Construction');
INSERT INTO customer VALUES(224,'EMAN1000','Emanation Homes');
INSERT INTO customer VALUES(225,'EMBA1000','Embarq Signature Homes');
INSERT INTO customer VALUES(226,'EMPI1100','Empire Homes, LLC');
INSERT INTO customer VALUES(227,'ERIC1200','Erickson Balmer Const. LLC');
INSERT INTO customer VALUES(228,'ESTE1000','Estes Construction');
INSERT INTO customer VALUES(229,'EVAN1300','Evans\ Parker');
INSERT INTO customer VALUES(230,'EVER1000','Evergreen Homes');
INSERT INTO customer VALUES(231,'EXEC1700','Executive Interiors');
INSERT INTO customer VALUES(232,'EXTE1000','Exterior Sheet Metal');
INSERT INTO customer VALUES(233,'EYER1000','Eyerly/Dusty');
INSERT INTO customer VALUES(234,'EYER1100','Eyerly/ Dewey');
INSERT INTO customer VALUES(235,'EYER1200','Eyerly\Don');
INSERT INTO customer VALUES(236,'FAZI1000','Fazio Construction');
INSERT INTO customer VALUES(237,'FBMG1000','FBM Gypsum Supply Of Illinois');
INSERT INTO customer VALUES(238,'FFCO1000','F & F Construction & Remodel');
INSERT INTO customer VALUES(239,'FIEL1300','Fielding\ Brad');
INSERT INTO customer VALUES(240,'FILI1000','Filippelli\ Dominic');
INSERT INTO customer VALUES(241,'FINI1000','The Finished Edge LLC');
INSERT INTO customer VALUES(242,'FIRS1000','First Call Construction');
INSERT INTO customer VALUES(243,'FIRS1700','First Call CR');
INSERT INTO customer VALUES(244,'FISH1000','Fisher\Shawn');
INSERT INTO customer VALUES(245,'FLYN1000','Flynn Development Co., Inc.');
INSERT INTO customer VALUES(246,'FORT2700','Fortress Construction');
INSERT INTO customer VALUES(247,'FOST1400','Fosters Woodworking and Design');
INSERT INTO customer VALUES(248,'FOUR1000','Four Seasons Solutions, LLC');
INSERT INTO customer VALUES(249,'FRAM1000','Frampton Homes');
INSERT INTO customer VALUES(250,'FREU1000','Freund\ Chris & Erin');
INSERT INTO customer VALUES(251,'FREU1100','Freund\ Joe & Megan');
INSERT INTO customer VALUES(252,'FRYC1000','Fry Construction');
INSERT INTO customer VALUES(253,'FULL1000','Fuller\ Steve');
INSERT INTO customer VALUES(254,'GARD1000','Gardner Homes');
INSERT INTO customer VALUES(255,'GCCC1000','GCC Construction, LLC');
INSERT INTO customer VALUES(256,'GEHR1000','Gehringer Construction');
INSERT INTO customer VALUES(257,'GEOR1000','George/David R.');
INSERT INTO customer VALUES(258,'GERJ1000','Gerjets/Joe');
INSERT INTO customer VALUES(259,'GINT1000','Ginter/ Cory');
INSERT INTO customer VALUES(260,'GMCO1000','GM Construction, Inc.');
INSERT INTO customer VALUES(261,'GODS1000','GodSpeed Equine');
INSERT INTO customer VALUES(262,'GORD1100','Gordinier Construction Inc.');
INSERT INTO customer VALUES(263,'GPSC1000','GPS Construction');
INSERT INTO customer VALUES(264,'GRAB1000','Grabau Construction, Inc');
INSERT INTO customer VALUES(265,'GRAC1100','Grace Allen Homes Inc.');
INSERT INTO customer VALUES(266,'GRAH1000','Graham Construction');
INSERT INTO customer VALUES(267,'Gram1000','Gramlich/Dick');
INSERT INTO customer VALUES(268,'GRAN1300','Grant/Mark');
INSERT INTO customer VALUES(269,'GRAN1400','Grand Homes');
INSERT INTO customer VALUES(270,'GRAP1000','Graphite Construction Group');
INSERT INTO customer VALUES(271,'GREE1000','Greenland Homes Inc.');
INSERT INTO customer VALUES(272,'GREI1000','Greiner Buildings Inc.');
INSERT INTO customer VALUES(273,'GREI1100','Greiner Construction, Inc.');
INSERT INTO customer VALUES(274,'GRIF1200','Griffith Home Builders');
INSERT INTO customer VALUES(275,'GRIM1000','Grimm & Sons Construction LLC');
INSERT INTO customer VALUES(276,'GROU1200','Ground Breaker Homes');
INSERT INTO customer VALUES(277,'GUAR1000','Guardian Contracting Partners');
INSERT INTO customer VALUES(278,'GUTH1000','Guthrie/Mark');
INSERT INTO customer VALUES(279,'H3HO1000','H3 Houses');
INSERT INTO customer VALUES(280,'HAAK1000','Haak\ Larry');
INSERT INTO customer VALUES(281,'HAGE1000','Hagen Installations, Inc.');
INSERT INTO customer VALUES(282,'HAGG1000','Haggerty Windows & Siding LLC');
INSERT INTO customer VALUES(283,'HAMM1000','Hammer Built LLC');
INSERT INTO customer VALUES(284,'HANS1000','Hansen Company');
INSERT INTO customer VALUES(285,'HAPP1000','Happe Homes LLP');
INSERT INTO customer VALUES(286,'HAPP1100','Happe Commercial, LLC');
INSERT INTO customer VALUES(287,'HARL1200','Harless Construction');
INSERT INTO customer VALUES(288,'HARM1000','Harmeyer Homes, Inc.');
INSERT INTO customer VALUES(289,'HARM1300','Harmeyer/Timothy');
INSERT INTO customer VALUES(290,'HARR1700','Harrison\ Matt');
INSERT INTO customer VALUES(291,'HAST1000','Hasty Construction LLC');
INSERT INTO customer VALUES(292,'HAVE1000','Haven Homes');
INSERT INTO customer VALUES(293,'HEAR1300','Heartland Finishes, Inc.');
INSERT INTO customer VALUES(294,'HEAR1800','Heart of America');
INSERT INTO customer VALUES(295,'HEDM1000','Hedman/Jeff');
INSERT INTO customer VALUES(296,'HEID1100','Heidt/ Kirby');
INSERT INTO customer VALUES(297,'HENK1000','Henkel Construction');
INSERT INTO customer VALUES(298,'HENN1000','Henning Companies');
INSERT INTO customer VALUES(299,'HERR1200','Herr Plumbing');
INSERT INTO customer VALUES(300,'HESS1000','Hesse/Kirk');
INSERT INTO customer VALUES(301,'HESS1100','Hesse\ Matt');
INSERT INTO customer VALUES(302,'HIGH1000','High Caliber Construction');
INSERT INTO customer VALUES(303,'HILD1000','Hildreth/ Brian');
INSERT INTO customer VALUES(304,'HILD1100','Hildreth/Mark R');
INSERT INTO customer VALUES(305,'HILS1000','Hilsabeck Schacht, Inc.');
INSERT INTO customer VALUES(306,'HOBB1000','Hobbs Siding, Inc./Marc');
INSERT INTO customer VALUES(307,'HODG1100','Hodges\ Andy');
INSERT INTO customer VALUES(308,'HOLC1000','Holcomb\ John');
INSERT INTO customer VALUES(309,'HOLL1100','Holland\Randy');
INSERT INTO customer VALUES(310,'HOLM1400','Holman Construction');
INSERT INTO customer VALUES(311,'HOME1000','Homes By DePhillips');
INSERT INTO customer VALUES(312,'HOME1800','Homes By Advantage');
INSERT INTO customer VALUES(313,'HOME2000','Homestead Restoration');
INSERT INTO customer VALUES(314,'HOME2300','Homeworx');
INSERT INTO customer VALUES(315,'HOME2600','Home State Builders, LLC');
INSERT INTO customer VALUES(316,'HONE1000','Honey Creek Resort');
INSERT INTO customer VALUES(317,'HOUS1200','Housewolf Projects');
INSERT INTO customer VALUES(318,'HOWE1000','Howe/Mary');
INSERT INTO customer VALUES(319,'HOWE1100','Howell Construction');
INSERT INTO customer VALUES(320,'HUBB1000','Hubbell Construction Services');
INSERT INTO customer VALUES(321,'HUBB1200','Hubbell Homes, LC - New PO Sys');
INSERT INTO customer VALUES(322,'HUBB1400','Hubbell  Homes\ Warranty');
INSERT INTO customer VALUES(323,'HUBB1700','Hubbell\ Trim');
INSERT INTO customer VALUES(324,'HUGH1100','Hughes\Chris');
INSERT INTO customer VALUES(325,'HUSS1000','Hussmann Services Corporation');
INSERT INTO customer VALUES(326,'HYDE1000','Hyde\Barb');
INSERT INTO customer VALUES(327,'HYVE1100','Hy Vee Construction');
INSERT INTO customer VALUES(328,'ICON1000','Icon Construction LLC');
INSERT INTO customer VALUES(329,'IDEC1000','IDE Concrete Homes, LLC');
INSERT INTO customer VALUES(330,'INNO1200','Innovative Home Services, LLC');
INSERT INTO customer VALUES(331,'INST1100','Installed Sales/Service');
INSERT INTO customer VALUES(332,'INTE1000','Integrity Bldrs & Remodelers');
INSERT INTO customer VALUES(333,'INTE1100','Integrity Builders Of Iowa');
INSERT INTO customer VALUES(334,'IOWA1100','Iowa Dept. Of Transportation');
INSERT INTO customer VALUES(335,'IOWA2700','Iowa Home Crafters');
INSERT INTO customer VALUES(336,'IRON1000','Ironcrest Homes, LLC');
INSERT INTO customer VALUES(337,'IRON1100','Iron Men Construction');
INSERT INTO customer VALUES(338,'IRON1300','Ironroad Properties');
INSERT INTO customer VALUES(339,'J3HO1000','J3 Homes LLC');
INSERT INTO customer VALUES(340,'JABA1000','Jabaai\Myron');
INSERT INTO customer VALUES(341,'JACK1300','Jackson\ Jeff');
INSERT INTO customer VALUES(342,'JAQU1000','Jaques\ Ann');
INSERT INTO customer VALUES(343,'JBDE1000','JB Designs');
INSERT INTO customer VALUES(344,'JBGE1000','JB General Contracting');
INSERT INTO customer VALUES(345,'JCOR1000','J Corp');
INSERT INTO customer VALUES(346,'JCTH1000','JC The Builder');
INSERT INTO customer VALUES(347,'JCTO1000','JC Toland Painting, LLC');
INSERT INTO customer VALUES(348,'JENS1100','Jensen Construction Co.');
INSERT INTO customer VALUES(349,'JERR1100','Jerry''s Homes Inc.');
INSERT INTO customer VALUES(350,'JESK1000','Jeske\ Jonathan');
INSERT INTO customer VALUES(351,'JGLC1000','JGL Construction');
INSERT INTO customer VALUES(352,'JIMF1000','Jim''s Floor Covering');
INSERT INTO customer VALUES(353,'JNRI1001','JNR Insulation- Accounting');
INSERT INTO customer VALUES(354,'JOHN1000','Johns Decks');
INSERT INTO customer VALUES(355,'JOHN1100','Johnson\ Steve');
INSERT INTO customer VALUES(356,'JOHN1700','Johnson/Dan');
INSERT INTO customer VALUES(357,'JOHN1800','Johnson/Jeffy');
INSERT INTO customer VALUES(358,'JOHN1900','Johnson/Sean');
INSERT INTO customer VALUES(359,'JOHN2600','Johnson/Andy');
INSERT INTO customer VALUES(360,'JOHN2700','Johnson/Jerry');
INSERT INTO customer VALUES(361,'JOHN2900','Johnson\Kyle');
INSERT INTO customer VALUES(362,'JOHN3000','Johnson\Mark & Christine');
INSERT INTO customer VALUES(363,'JOHN3100','Johnson\ Jared');
INSERT INTO customer VALUES(364,'JOHN3900','Johnson\ Sheila');
INSERT INTO customer VALUES(365,'JOHN4100','K Johnson Construction');
INSERT INTO customer VALUES(366,'JOHN4200','Johnson County Conservation');
INSERT INTO customer VALUES(367,'JOHN4300','Johnson\ Robert G.');
INSERT INTO customer VALUES(368,'JOND1000','Jondle/Brandon');
INSERT INTO customer VALUES(369,'JONE1200','Jones Property Mgmt.');
INSERT INTO customer VALUES(370,'JORD1000','Jorden AG Enterprises');
INSERT INTO customer VALUES(371,'JORD1500','Jordison/ Lance');
INSERT INTO customer VALUES(372,'JORD1900','Jordan Creek Realty');
INSERT INTO customer VALUES(373,'JORG1200','Jorgensen Built');
INSERT INTO customer VALUES(374,'JSCO1000','J & S Construction');
INSERT INTO customer VALUES(375,'JSKC1000','JSK Construction');
INSERT INTO customer VALUES(376,'JTBU1000','JT Builders, LLC');
INSERT INTO customer VALUES(377,'JUNG1000','Junge Homes, Inc.');
INSERT INTO customer VALUES(378,'JURG1000','Jurgensen Constr/ Dean');
INSERT INTO customer VALUES(379,'JUSI1000','Jusic/Hadis');
INSERT INTO customer VALUES(380,'KACE1000','Kacer\ Matthew J.');
INSERT INTO customer VALUES(381,'KALL1000','Kallin Johnson');
INSERT INTO customer VALUES(382,'KAND1000','Kandu Construction');
INSERT INTO customer VALUES(383,'KARN1000','Karns/Raymond');
INSERT INTO customer VALUES(384,'KARR1000','Karr\ Daniel');
INSERT INTO customer VALUES(385,'KAUF1000','Kaufman Construction, Inc');
INSERT INTO customer VALUES(386,'KAYS1000','Kayser/Joe & Jody');
INSERT INTO customer VALUES(387,'KAYS1100','Kayser/Robert');
INSERT INTO customer VALUES(388,'KBCU1000','KB Custom Glass');
INSERT INTO customer VALUES(389,'KCCO1000','KC Construction');
INSERT INTO customer VALUES(390,'KEEN1100','Keen Project Solutions. Inc.');
INSERT INTO customer VALUES(391,'KEIS1000','Keiser/ Steve (Employee)');
INSERT INTO customer VALUES(392,'KELL1000','Kelly Custom Homes');
INSERT INTO customer VALUES(393,'KELL1200','Kelly\ Keysto');
INSERT INTO customer VALUES(394,'KENN1100','Kennybrook Village');
INSERT INTO customer VALUES(395,'KERK1100','Kerkhoff Kraftsmen, Inc.');
INSERT INTO customer VALUES(396,'KEYS1000','Keystone Construction Services');
INSERT INTO customer VALUES(397,'KILL1000','Killion Design & Build LLC');
INSERT INTO customer VALUES(398,'KIMB1000','Kimberley Development');
INSERT INTO customer VALUES(399,'KIMB1100','Kimberley\ Bill');
INSERT INTO customer VALUES(400,'KIMB1200','Kimberley Const.& Remodel');
INSERT INTO customer VALUES(401,'KIND1000','Kindred Co LLC');
INSERT INTO customer VALUES(402,'KING1400','King\ Jacob');
INSERT INTO customer VALUES(403,'KINZ1000','Kinzler Construction Services');
INSERT INTO customer VALUES(404,'KITC1100','Kitchen & Bath Solutions LLC');
INSERT INTO customer VALUES(405,'KITT1000','Kitterman Development');
INSERT INTO customer VALUES(406,'KKSI1000','K & K Siding');
INSERT INTO customer VALUES(407,'KLEE1000','Kleener Image, Inc.');
INSERT INTO customer VALUES(408,'KLIN1000','Kline Electric, Inc.');
INSERT INTO customer VALUES(409,'KLIN1100','Klinefelter\ George & Andrea');
INSERT INTO customer VALUES(410,'KLOS1001','Klosterman');
INSERT INTO customer VALUES(411,'KLUV1000','Kluver\ Jeffrey');
INSERT INTO customer VALUES(412,'KNAP1000','Knapp Properties, Inc.');
INSERT INTO customer VALUES(413,'KNEB1000','Knebel Windows, Inc.');
INSERT INTO customer VALUES(414,'KNIT1000','Knittel\ Josh');
INSERT INTO customer VALUES(415,'KNUP1000','Knupp/Clyde');
INSERT INTO customer VALUES(416,'KNUT1000','Knutson Const. Serv. Midw_Cor');
INSERT INTO customer VALUES(417,'KOCH1000','Koch Fertilizer Ft. Dodge, LLC');
INSERT INTO customer VALUES(418,'KOES1000','Koester Construction');
INSERT INTO customer VALUES(419,'KOES1001','Koester/Accting Contract Jobs');
INSERT INTO customer VALUES(420,'KOES1100','Koester Properties');
INSERT INTO customer VALUES(421,'KOES1300','Koester\ Troy');
INSERT INTO customer VALUES(422,'KOHL1000','Kohles Mechanical');
INSERT INTO customer VALUES(423,'KOKE1000','Kokemiller Construction, Inc.');
INSERT INTO customer VALUES(424,'KOLA1000','Kolacia Construction');
INSERT INTO customer VALUES(425,'KOLB1000','Kolb Homes LLC');
INSERT INTO customer VALUES(426,'KOMO1000','Komondor Homes, LLC');
INSERT INTO customer VALUES(427,'KONV1000','Konvalinka/Dennis');
INSERT INTO customer VALUES(428,'KONV1100','Konvalinka/Dave');
INSERT INTO customer VALUES(429,'KOUN1000','Kountry Kraft Hardwood');
INSERT INTO customer VALUES(430,'KOUR1000','Kouri\Steve');
INSERT INTO customer VALUES(431,'KRAF1100','Ryan Kraft & Krafts Drywall');
INSERT INTO customer VALUES(432,'KRAM1100','Kramer\ Jessica');
INSERT INTO customer VALUES(433,'KRMD1000','KRM Development');
INSERT INTO customer VALUES(434,'KUNK1000','Kunkel Construction');
INSERT INTO customer VALUES(435,'KURI1000','Kurimski\ Adam');
INSERT INTO customer VALUES(436,'KVHO1000','K & V Homes');
INSERT INTO customer VALUES(437,'KWAL1100','Kwality Custom Homes');
INSERT INTO customer VALUES(438,'LACK1000','Lackman/Bob');
INSERT INTO customer VALUES(439,'LAMB1000','Lambertsen/ Rob');
INSERT INTO customer VALUES(440,'LAMB1200','Lamb\ Zac');
INSERT INTO customer VALUES(441,'LAND1400','Landgrebe\ Anna');
INSERT INTO customer VALUES(442,'LANG1100','Langos/Shane');
INSERT INTO customer VALUES(443,'LANG1300','Lang Construction Group');
INSERT INTO customer VALUES(444,'LANS1000','Lansink Construction, Inc.');
INSERT INTO customer VALUES(445,'LANT1000','Lantz Elite Carpentry & Const');
INSERT INTO customer VALUES(446,'LARS1400','Larson/Donn');
INSERT INTO customer VALUES(447,'LARS1500','Larson/Eric');
INSERT INTO customer VALUES(448,'LARS2100','Larsen\ Amy');
INSERT INTO customer VALUES(449,'LARS2300','Larson\ Trevor & Morgan');
INSERT INTO customer VALUES(450,'LARS2400','Larson\ Craig');
INSERT INTO customer VALUES(451,'LAUF1100','Laufersweiler/ Luke');
INSERT INTO customer VALUES(452,'LAZY1000','Lazy Acres LLC');
INSERT INTO customer VALUES(453,'LEAD1000','Leading Edge Builders');
INSERT INTO customer VALUES(454,'LEAF1000','Leafguard Of Central Iowa');
INSERT INTO customer VALUES(455,'LEDG1000','Ledgewood Builders');
INSERT INTO customer VALUES(456,'LEED1000','Lee/Daniel');
INSERT INTO customer VALUES(457,'LEGA1000','Legacy Homes DSM');
INSERT INTO customer VALUES(458,'LEGE1000','Legend Homes');
INSERT INTO customer VALUES(459,'LEGE1100','Legendary Construction Service');
INSERT INTO customer VALUES(460,'LEMA1000','Lemar Industries');
INSERT INTO customer VALUES(461,'LENN1100','Lenning\ Keaton');
INSERT INTO customer VALUES(462,'LEPP1000','Lepper/Rich');
INSERT INTO customer VALUES(463,'LIEN1000','Lientz Construction');
INSERT INTO customer VALUES(464,'LIFE1000','Lifetime Construction LLC');
INSERT INTO customer VALUES(465,'LIND2200','Lindner\ David');
INSERT INTO customer VALUES(466,'LING1000','Ling/ Dave & Sarah');
INSERT INTO customer VALUES(467,'LIVI1000','Livingston/Ray');
INSERT INTO customer VALUES(468,'LLOY1000','Lloyd Construction');
INSERT INTO customer VALUES(469,'LLPE1000','L. L. Pelling Co.');
INSERT INTO customer VALUES(470,'LOGA1000','Logan Construction Company');
INSERT INTO customer VALUES(471,'LONG1800','Long\ Caleb & Cecilia');
INSERT INTO customer VALUES(472,'LONG1900','Long\ Steve');
INSERT INTO customer VALUES(473,'LOOT1000','Loots/ Ben & Rachel');
INSERT INTO customer VALUES(474,'LOTU1000','Lotus Homes LLC');
INSERT INTO customer VALUES(475,'LOUS1000','Louisiana Pacific Corporation');
INSERT INTO customer VALUES(476,'LOWE1000','Lowe''s Building Center');
INSERT INTO customer VALUES(477,'LOWE1100','Lowe\ Ray Dean');
INSERT INTO customer VALUES(478,'LOWR1100','Lowry Construction Company Inc');
INSERT INTO customer VALUES(479,'LPMA1000','LP Marketing');
INSERT INTO customer VALUES(480,'LPRO1000','L Properties, LLC');
INSERT INTO customer VALUES(481,'LUEL1000','Luellen Bros. Inc.');
INSERT INTO customer VALUES(482,'LUEL1100','Luellen\ Sean');
INSERT INTO customer VALUES(483,'LUKI1000','Lukins, LLC');
INSERT INTO customer VALUES(484,'LUMB1000','Lumber Specialties-US LBM LLC');
INSERT INTO customer VALUES(485,'LUMB1100','Lumbermans Drywall & Roofing');
INSERT INTO customer VALUES(486,'LUND1000','Lundberg/Tim');
INSERT INTO customer VALUES(487,'LUTH1000','Lutheran Church Of Hope');
INSERT INTO customer VALUES(488,'LUTY1000','Lutyens\ Darrin');
INSERT INTO customer VALUES(489,'LYDI1000','Lydic\ Joe');
INSERT INTO customer VALUES(490,'LYNC1000','Lynch\ Nathaniel');
INSERT INTO customer VALUES(491,'MAAS1000','Maas Concrete/Bud');
INSERT INTO customer VALUES(492,'MADC1000','Mad City Home Improvement');
INSERT INTO customer VALUES(493,'MADS1000','Madsen Handiman Service');
INSERT INTO customer VALUES(494,'MADS1100','Madsen\ Jerry');
INSERT INTO customer VALUES(495,'MAGR1000','Magruder Construction LLC');
INSERT INTO customer VALUES(496,'MAIN1000','Mainbuilt LLC');
INSERT INTO customer VALUES(497,'MAIN1100','Mainstream Builders');
INSERT INTO customer VALUES(498,'MANN1000','Mann Construction');
INSERT INTO customer VALUES(499,'MANT1000','Mantell/ Barry');
INSERT INTO customer VALUES(500,'MARC1100','Marc Kris Modern Homes');
INSERT INTO customer VALUES(501,'MARI1000','Marian Home');
INSERT INTO customer VALUES(502,'MARK1100','Markus\ Jesse');
INSERT INTO customer VALUES(503,'MARL1000','Marlenee\ David & Jenifer');
INSERT INTO customer VALUES(504,'MARO1000','Maronn\ Brooks & Janette');
INSERT INTO customer VALUES(505,'MARS1000','Marshall Construction');
INSERT INTO customer VALUES(506,'MARS1300','Marsh Concrete');
INSERT INTO customer VALUES(507,'MART1100','Martin/ Carl');
INSERT INTO customer VALUES(508,'MART1600','Martin Construction');
INSERT INTO customer VALUES(509,'MART1700','Martin/Jason M.');
INSERT INTO customer VALUES(510,'MART1900','Martinez\ Raul');
INSERT INTO customer VALUES(511,'MASH1000','Mashek/ Darlene');
INSERT INTO customer VALUES(512,'MASH1100','Mashek/Joe');
INSERT INTO customer VALUES(513,'MASO1000','Mason/Josh & Kim');
INSERT INTO customer VALUES(514,'MASO1100','Mason/Wayne');
INSERT INTO customer VALUES(515,'MAST1000','Master Carpentry Of Iowa, Inc.');
INSERT INTO customer VALUES(516,'MATH1100','Mathiasen Building Company');
INSERT INTO customer VALUES(517,'MATR1000','Matrix Construction LLC');
INSERT INTO customer VALUES(518,'MATT1100','Mattke\Steven');
INSERT INTO customer VALUES(519,'MAXX1000','Maxx Construction Group LLC');
INSERT INTO customer VALUES(520,'MAXX1001','Maxx " Accounting Only "');
INSERT INTO customer VALUES(521,'MAYJ1000','May/ John N');
INSERT INTO customer VALUES(522,'MBGR1000','MBG Renovation');
INSERT INTO customer VALUES(523,'McAN1000','McAninch Corp.');
INSERT INTO customer VALUES(524,'MCCA1100','McCartney Trim Corp.');
INSERT INTO customer VALUES(525,'MCCA1200','McCarville Realty');
INSERT INTO customer VALUES(526,'MCCA1300','McCarville Home Improvement');
INSERT INTO customer VALUES(527,'MCCA1400','McCauley Inc.');
INSERT INTO customer VALUES(528,'MCCA1700','McCartney Excavating');
INSERT INTO customer VALUES(529,'MCCH1000','McChesney\ Jonathon');
INSERT INTO customer VALUES(530,'MCCL1300','McClaflin\ James');
INSERT INTO customer VALUES(531,'MCCO1000','McComas Lacina Constr Co  -Cor');
INSERT INTO customer VALUES(532,'MCCO1400','MC Concrete');
INSERT INTO customer VALUES(533,'MCCR1300','McCrady\ Mark');
INSERT INTO customer VALUES(534,'MCDO1000','McDole/Brian');
INSERT INTO customer VALUES(535,'MCGO1200','McGough Construction Co. MN');
INSERT INTO customer VALUES(536,'MCGR1000','McGreger Corporation');
INSERT INTO customer VALUES(537,'MCGR1100','McGrean\ Aaron');
INSERT INTO customer VALUES(538,'MCIN1100','McIntyre Construction, LLC');
INSERT INTO customer VALUES(539,'MCIN1200','McIntosh/ Larry');
INSERT INTO customer VALUES(540,'MCKE1100','McKenzie\ Andrew');
INSERT INTO customer VALUES(541,'MCKI1100','McKinney\Todd');
INSERT INTO customer VALUES(542,'MCRC1000','MCR Construction');
INSERT INTO customer VALUES(543,'MEAD1000','Meadowbrook Builders, LLC');
INSERT INTO customer VALUES(544,'MEIN1000','Meiners\ Paul Richard');
INSERT INTO customer VALUES(545,'MEMI1000','Memic\ Kasim');
INSERT INTO customer VALUES(546,'MENE1000','Menefee Drywall');
INSERT INTO customer VALUES(547,'MENZ1000','Menz Construction, LLC');
INSERT INTO customer VALUES(548,'MERI1000','Merit Construction-Cor');
INSERT INTO customer VALUES(549,'MESC1000','Mescher\ Nick');
INSERT INTO customer VALUES(550,'MESS1000','Messerly T.V.');
INSERT INTO customer VALUES(551,'METH1000','Methum Finishing');
INSERT INTO customer VALUES(552,'METR1000','Metro Homes LLC');
INSERT INTO customer VALUES(553,'METZ1000','Metzger\ James');
INSERT INTO customer VALUES(554,'MEYE1300','Meyer\ Jamey');
INSERT INTO customer VALUES(555,'MFI 1000','MFI');
INSERT INTO customer VALUES(556,'MGBU1000','MG Builders');
INSERT INTO customer VALUES(557,'MHCO1000','MH Construction');
INSERT INTO customer VALUES(558,'MICH1100','Michalski/Tim');
INSERT INTO customer VALUES(559,'MICK1100','Mickelson\ Bradley');
INSERT INTO customer VALUES(560,'MID 1100','Mid States Plbg.& Htg. Inc.');
INSERT INTO customer VALUES(561,'MIDI1000','Mid Iowa Electric, Inc.');
INSERT INTO customer VALUES(562,'MIDI1100','Mid Iowa Council Boy Scouts');
INSERT INTO customer VALUES(563,'MIDI1200','Mid Iowa Towing');
INSERT INTO customer VALUES(564,'MIDW1000','Midwest Construction');
INSERT INTO customer VALUES(565,'MIDW1200','Midwest Fence & Gate');
INSERT INTO customer VALUES(566,'MIDW2300','Midwest Sustainable Homes');
INSERT INTO customer VALUES(567,'MIDW2400','Midwest Caulking, Inc.');
INSERT INTO customer VALUES(568,'MIKE1000','Mike''s General Contracting');
INSERT INTO customer VALUES(569,'MIKL1000','Miklo\ Don');
INSERT INTO customer VALUES(570,'MILD1000','Milder Construction');
INSERT INTO customer VALUES(571,'MILE1000','Milestone Builders LLC');
INSERT INTO customer VALUES(572,'MILL1100','Miller Const. Siding & Window');
INSERT INTO customer VALUES(573,'MILL1200','Miller/Gib');
INSERT INTO customer VALUES(574,'MILL1300','Miller/Mike');
INSERT INTO customer VALUES(575,'MILL1600','Miller/ Larry');
INSERT INTO customer VALUES(576,'MILL2300','Miller Nursery');
INSERT INTO customer VALUES(577,'MILL2400','Miller Home Services');
INSERT INTO customer VALUES(578,'MILL2600','Miller Construction\ Scott');
INSERT INTO customer VALUES(579,'MILL2700','Miller\ Jeffrey & Amanda');
INSERT INTO customer VALUES(580,'MILT1000','Milton\ David');
INSERT INTO customer VALUES(581,'MINE1000','Miner/ Dan');
INSERT INTO customer VALUES(582,'MING1000','Mingo Products');
INSERT INTO customer VALUES(583,'MINI1000','Minikis\ Richard');
INSERT INTO customer VALUES(584,'MINI1200','Minikis\ Dave');
INSERT INTO customer VALUES(585,'MINN1100','Minner\ Travis');
INSERT INTO customer VALUES(586,'MJPR1000','MJ Properties');
INSERT INTO customer VALUES(587,'MJWG1000','MJW Group LLC');
INSERT INTO customer VALUES(588,'MMKC1000','MMK Construction');
INSERT INTO customer VALUES(589,'MNL 1000','MNL Inv/ Mark Larson');
INSERT INTO customer VALUES(590,'MODE1100','Modern Touches');
INSERT INTO customer VALUES(591,'MODE1200','Modern Sound Eng. Inc.');
INSERT INTO customer VALUES(592,'MODE1601','Modern Touches-Acctg DON''T USE');
INSERT INTO customer VALUES(593,'MOEH1000','Moehl Millwork');
INSERT INTO customer VALUES(594,'MOEL1000','Moeller Furnace');
INSERT INTO customer VALUES(595,'MOFF1000','Moffitt\ Mark');
INSERT INTO customer VALUES(596,'MOHR1000','Mohr Construction Services LLC');
INSERT INTO customer VALUES(597,'MOHS1000','Mohs Contracting Inc.');
INSERT INTO customer VALUES(598,'MOLL1000','Molln\ Randy & Beth');
INSERT INTO customer VALUES(599,'MOME1000','Momentum Design & Build');
INSERT INTO customer VALUES(600,'MONA1000','Monarch Poured Walls');
INSERT INTO customer VALUES(601,'MONA1100','Monarch Renovations, LLC');
INSERT INTO customer VALUES(602,'MONA1200','Monarch Homes of Iowa');
INSERT INTO customer VALUES(603,'MONR1000','Monroy\ Danny');
INSERT INTO customer VALUES(604,'MONT1200','Montoya\ Hector');
INSERT INTO customer VALUES(605,'MOOR1000','Moore/David');
INSERT INTO customer VALUES(606,'MORI1000','Morin Renovations');
INSERT INTO customer VALUES(607,'MORI1200','Moritz\ Gary & Sheri');
INSERT INTO customer VALUES(608,'MORR1200','Morris/Harold (Aka Howard)');
INSERT INTO customer VALUES(609,'MORR1300','Morris/Jerold');
INSERT INTO customer VALUES(610,'MORT1000','Morton Buildings');
INSERT INTO customer VALUES(611,'MORT1100','Morton Bldgs, Inc 026 Tiffin');
INSERT INTO customer VALUES(612,'MOSI1000','Jon Mosier Construction');
INSERT INTO customer VALUES(613,'MOUG1000','Mougin Siding');
INSERT INTO customer VALUES(614,'MRCO1000','M.R. Construction');
INSERT INTO customer VALUES(615,'MRHA1000','Mr. Handyman Of Des Moines');
INSERT INTO customer VALUES(616,'MSMP1000','MSM Properties, Inc.');
INSERT INTO customer VALUES(617,'MULL1100','Mullins Renovation & Const LLC');
INSERT INTO customer VALUES(618,'MUNR1000','Munro Construction Company');
INSERT INTO customer VALUES(619,'MURP1000','Murphy/John');
INSERT INTO customer VALUES(620,'MUSI1000','Music Carpentry & Fabrication');
INSERT INTO customer VALUES(621,'MW3C1000','MW3 Construction');
INSERT INTO customer VALUES(622,'MYER1200','Myer\Chris');
INSERT INTO customer VALUES(623,'NAIG1000','Naig\ Jacob');
INSERT INTO customer VALUES(624,'NAIG1100','Naig\ Josiah');
INSERT INTO customer VALUES(625,'NAIL1000','Nailed It Handyman');
INSERT INTO customer VALUES(626,'NEAL1000','Neal\ Paul');
INSERT INTO customer VALUES(627,'NEIG1000','Neighborhood Builders, LLC.');
INSERT INTO customer VALUES(628,'NELS1000','Nelson Construction Services');
INSERT INTO customer VALUES(629,'NERH1100','Nerhus/Joyce');
INSERT INTO customer VALUES(630,'NESS1000','Nessa Construction LLC');
INSERT INTO customer VALUES(631,'NEUM1000','Neumann Brothers');
INSERT INTO customer VALUES(632,'NEUM1200','Neumiller Electric Inc.');
INSERT INTO customer VALUES(633,'NEWA1000','New Age Landscaping');
INSERT INTO customer VALUES(634,'NEWB1000','Newberg\John');
INSERT INTO customer VALUES(635,'NEWB1100','Newbury/ Rob & Julie');
INSERT INTO customer VALUES(636,'NEWC1000','Newcastle Home Builders');
INSERT INTO customer VALUES(637,'NEWC1300','New Century Construction');
INSERT INTO customer VALUES(638,'NEWE1000','Newell Constr & Remodel/Jeff');
INSERT INTO customer VALUES(639,'NEWE1200','Newell Construction/Ryan');
INSERT INTO customer VALUES(640,'NEWT1100','Newton Roofing Services');
INSERT INTO customer VALUES(641,'NEWT1200','Newton Properties, LLC');
INSERT INTO customer VALUES(642,'NEXT1000','Next Level Builders');
INSERT INTO customer VALUES(643,'NEYE1000','Neyens\ Dave');
INSERT INTO customer VALUES(644,'NICH1000','Nicholson/Justin');
INSERT INTO customer VALUES(645,'NICH1100','Nichols,Charlie');
INSERT INTO customer VALUES(646,'NOEJ1000','Noe\ Jacob');
INSERT INTO customer VALUES(647,'NORE1000','Norelius\ Charles');
INSERT INTO customer VALUES(648,'NORT1000','North Central Correctional Fac');
INSERT INTO customer VALUES(649,'NORT1200','North Lawn Cemetery');
INSERT INTO customer VALUES(650,'NORT1500','Northwest Erection Service');
INSERT INTO customer VALUES(651,'NORT2000','North Ridge Homes, Inc.');
INSERT INTO customer VALUES(652,'NORT2100','Northridge Estate Builders Inc');
INSERT INTO customer VALUES(653,'NORW1000','Norwalk Ready Mix Concrete Inc');
INSERT INTO customer VALUES(654,'NOST1000','Nostrom\ Nathan');
INSERT INTO customer VALUES(655,'NUVU1000','Nu-Vu Builders, Inc.');
INSERT INTO customer VALUES(656,'NVIN1000','NV Investments');
INSERT INTO customer VALUES(657,'O2RE1000','O2 Remodel');
INSERT INTO customer VALUES(658,'O2RE1001','O2 Remodel- Accounting Only');
INSERT INTO customer VALUES(659,'OAKE1000','Oakes Construction Company');
INSERT INTO customer VALUES(660,'OAKI1000','Oak Investments, LLC');
INSERT INTO customer VALUES(661,'OAKM1000','Oakmont Properties');
INSERT INTO customer VALUES(662,'OAKS1000','Oakstone Homes');
INSERT INTO customer VALUES(663,'OAKS1001','Oakstone Accounting DO NOT USE');
INSERT INTO customer VALUES(664,'OAKW1000','Oakwood Builders Group');
INSERT INTO customer VALUES(665,'OBYR1000','Connor O''Byrnes Carpentry');
INSERT INTO customer VALUES(666,'ODER1000','Oder/Dennis');
INSERT INTO customer VALUES(667,'OFSE1000','OFS Enterprises LLC');
INSERT INTO customer VALUES(668,'OHNE1000','Ohnemus Construction Inc.');
INSERT INTO customer VALUES(669,'OLDS1000','Oldson\Bruce');
INSERT INTO customer VALUES(670,'OLPC1000','OLP Construction, LLC');
INSERT INTO customer VALUES(671,'OLSO1200','Olson/ Benjamin');
INSERT INTO customer VALUES(672,'OLSO1400','Olson\ Travis');
INSERT INTO customer VALUES(673,'OLSO1600','Olson\ Michael');
INSERT INTO customer VALUES(674,'OLSO1700','Olson\ Stanley');
INSERT INTO customer VALUES(675,'OMAN1000','Omann\ Mike');
INSERT INTO customer VALUES(676,'ONIT1000','On It Services');
INSERT INTO customer VALUES(677,'OPUS1000','The Opus Group');
INSERT INTO customer VALUES(678,'ORFI1000','Orfield Const./Dennis');
INSERT INTO customer VALUES(679,'ORIG1000','Origin Homes, LLC');
INSERT INTO customer VALUES(680,'ORRE1000','Orres & Gailey Plg, Htg & Ac');
INSERT INTO customer VALUES(681,'OTIS1000','Otis Construction LLC');
INSERT INTO customer VALUES(682,'OTTD1000','Ott\ Doug');
INSERT INTO customer VALUES(683,'OTTO1000','Otto/Scott');
INSERT INTO customer VALUES(684,'OUTD1000','Outdoor Dreams, Inc.');
INSERT INTO customer VALUES(685,'OUTD1100','Outdoor Design Solutions');
INSERT INTO customer VALUES(686,'OUTD1200','Outdoor Specialists');
INSERT INTO customer VALUES(687,'OVER1000','Overhead Door Company');
INSERT INTO customer VALUES(688,'OVER1100','Overholser\ Chadrick');
INSERT INTO customer VALUES(689,'PAIN1000','Paine Development Group');
INSERT INTO customer VALUES(690,'PAIN1100','Paine/Jim');
INSERT INTO customer VALUES(691,'PAIR1000','Pair/Darin');
INSERT INTO customer VALUES(692,'PALA1000','Palace Park Corp');
INSERT INTO customer VALUES(693,'PALS1100','Pals\ Julie');
INSERT INTO customer VALUES(694,'PARA1000','Paradigm Construction, LLC');
INSERT INTO customer VALUES(695,'PARA1100','Paragon Remodeling + Construct');
INSERT INTO customer VALUES(696,'PATT1000','Patterson/Barney');
INSERT INTO customer VALUES(697,'PATT1300','Patterson/Todd');
INSERT INTO customer VALUES(698,'PATT1400','Patterson/ M.D.');
INSERT INTO customer VALUES(699,'PATT1600','Patterson Homes & Remodeling');
INSERT INTO customer VALUES(700,'PAVO1000','Pavon\ Sixto');
INSERT INTO customer VALUES(701,'PEAR1000','MS Pearson Inc');
INSERT INTO customer VALUES(702,'PECG1000','PECG LLC');
INSERT INTO customer VALUES(703,'PEDE1100','Pederson/Nels');
INSERT INTO customer VALUES(704,'PEER1100','Peerless Contracting');
INSERT INTO customer VALUES(705,'PELL1100','Pella Regional Health Center');
INSERT INTO customer VALUES(706,'PEMB1001','Pemble Con-ACCTING- Don''t Use');
INSERT INTO customer VALUES(707,'PEND1000','Pender Construction');
INSERT INTO customer VALUES(708,'PERE1000','Perennial Properties Mgmt.');
INSERT INTO customer VALUES(709,'PERF1100','Performance Display');
INSERT INTO customer VALUES(710,'PERF1300','Performance Cont. Group - PCI');
INSERT INTO customer VALUES(711,'PERF1400','Performance Builders');
INSERT INTO customer VALUES(712,'PERK1000','Perkins Construction LLC');
INSERT INTO customer VALUES(713,'PERR1000','Perry\ Dan');
INSERT INTO customer VALUES(714,'PERS1000','Person\ Bryan A.');
INSERT INTO customer VALUES(715,'PETE1000','Peters Construction/R.D.');
INSERT INTO customer VALUES(716,'PETE1100','Peterson Const/ Bruce');
INSERT INTO customer VALUES(717,'PETE2400','Peters/ Karl');
INSERT INTO customer VALUES(718,'PETE3000','Peterson\ David');
INSERT INTO customer VALUES(719,'PHIL1000','Phillips/PJ');
INSERT INTO customer VALUES(720,'PHIL1100','Phillip''s Floors, Inc.');
INSERT INTO customer VALUES(721,'PICK1000','Pickard/Tom  TLP Const Inc');
INSERT INTO customer VALUES(722,'PIER1000','Pierce/ William');
INSERT INTO customer VALUES(723,'PIGN1000','Pigneri/ Steve');
INSERT INTO customer VALUES(724,'PING1200','Pingel\Brian');
INSERT INTO customer VALUES(725,'PINN1000','Pinnacle Properties');
INSERT INTO customer VALUES(726,'PINN1200','Pinnacle One, LLC');
INSERT INTO customer VALUES(727,'PIRI1000','Pirillo\ Pete');
INSERT INTO customer VALUES(728,'PLAN1000','Planet Homes LLC');
INSERT INTO customer VALUES(729,'PLIN1000','Pliner Cabinets');
INSERT INTO customer VALUES(730,'PLUM1100','Plumb Construction, LLC');
INSERT INTO customer VALUES(731,'POLK1000','Polk County Handyman Service');
INSERT INTO customer VALUES(732,'POLK1100','Polk County Conservation Board');
INSERT INTO customer VALUES(733,'POLK1200','Polk County Public Works');
INSERT INTO customer VALUES(734,'POME1000','Pomeroy/ Cody');
INSERT INTO customer VALUES(735,'POME1001','Pomeroy/Cody');
INSERT INTO customer VALUES(736,'PORT1000','Porter/ Jay');
INSERT INTO customer VALUES(737,'PORT1100','Porter/Donna');
INSERT INTO customer VALUES(738,'PORT1500','Portland Construction Co.');
INSERT INTO customer VALUES(739,'POTT1000','B.P. Construction');
INSERT INTO customer VALUES(740,'PRAC1000','Practical Applications');
INSERT INTO customer VALUES(741,'PRAI1400','Prairie Oak Custom Homes');
INSERT INTO customer VALUES(742,'PREC1000','Precision Trim & Finish');
INSERT INTO customer VALUES(743,'PREF1000','Preferred Interior Constr.');
INSERT INTO customer VALUES(744,'PREM1000','Premier Construction Services');
INSERT INTO customer VALUES(745,'PREM1200','Premiere Snow Removal LLC');
INSERT INTO customer VALUES(746,'PREM1400','Premier Concrete Pumping');
INSERT INTO customer VALUES(747,'PREM1500','Premier Exteriors & Repair');
INSERT INTO customer VALUES(748,'PREM1800','Premier Ag Systems');
INSERT INTO customer VALUES(749,'PREM2100','Premier Flooring');
INSERT INTO customer VALUES(750,'PREN1100','P & R Entry Doors');
INSERT INTO customer VALUES(751,'PRES1000','Prestige Carpentry, L.C.');
INSERT INTO customer VALUES(752,'PRIC1000','Price Industrial Electric');
INSERT INTO customer VALUES(753,'PRIM1000','Prime Refrigeration');
INSERT INTO customer VALUES(754,'PRIM1100','Prime Construction Services');
INSERT INTO customer VALUES(755,'PRIM1200','Primus Construction');
INSERT INTO customer VALUES(756,'PROC1000','Pro Commercial');
INSERT INTO customer VALUES(757,'PROC1200','Procyk/Chester');
INSERT INTO customer VALUES(758,'PROF1100','Professional Property Mgmt');
INSERT INTO customer VALUES(759,'PROF1200','Pro Finish LLC');
INSERT INTO customer VALUES(760,'PROF1400','Professional Home Mortgage Inc');
INSERT INTO customer VALUES(761,'PROL1000','Pro Line Building Co of Iowa');
INSERT INTO customer VALUES(762,'PROP1100','Property Service Agency');
INSERT INTO customer VALUES(763,'PROR1000','Prorestore DKI');
INSERT INTO customer VALUES(764,'PULL1000','Pullin\ Tyler');
INSERT INTO customer VALUES(765,'PULL1100','Pullin Homes, LLC');
INSERT INTO customer VALUES(766,'QUAL1100','Quality Manufacturing Corp');
INSERT INTO customer VALUES(767,'QUAL1200','Quality Construction');
INSERT INTO customer VALUES(768,'QUAN1000','Quandt Built Homes');
INSERT INTO customer VALUES(769,'QUIC1100','Quick Construction');
INSERT INTO customer VALUES(770,'QUOT2024','Quotes 2024');
INSERT INTO customer VALUES(771,'RADI1000','Radius Services, LLC');
INSERT INTO customer VALUES(772,'RAIN1000','Rainbow Intl Of S Central Iowa');
INSERT INTO customer VALUES(773,'RAMS1100','Ramsey Village');
INSERT INTO customer VALUES(774,'RAMT1000','Ramthun Construction');
INSERT INTO customer VALUES(775,'RAPP1000','Rapp/John');
INSERT INTO customer VALUES(776,'RCIB1000','RCI Builders');
INSERT INTO customer VALUES(777,'RCSM1000','RCS Millwork');
INSERT INTO customer VALUES(778,'REAL1000','Realty Xperts, LLC');
INSERT INTO customer VALUES(779,'RECO1000','Recon Roofing & Construction');
INSERT INTO customer VALUES(780,'REDC1000','Red Cabin Carpentry');
INSERT INTO customer VALUES(781,'REDE1101','REDE Services, LLC');
INSERT INTO customer VALUES(782,'REDH1000','Red House Remodeling');
INSERT INTO customer VALUES(783,'REES1300','Reese Builders Inc.');
INSERT INTO customer VALUES(784,'REEV1000','Reeves/Jim');
INSERT INTO customer VALUES(785,'REEV1200','Reeves Enterprises, Inc.');
INSERT INTO customer VALUES(786,'REHO1000','REHOME, LLC');
INSERT INTO customer VALUES(787,'REIN1000','Reinier Construction, LLC');
INSERT INTO customer VALUES(788,'RELE1000','Relentless Builders LLC');
INSERT INTO customer VALUES(789,'RELI1000','Reliable Construction Services');
INSERT INTO customer VALUES(790,'RELI1100','Reliable Roofing');
INSERT INTO customer VALUES(791,'RELI1200','Reliable Solutions of Iowa LLC');
INSERT INTO customer VALUES(792,'REMA1000','Remarc Enterprises, LLC');
INSERT INTO customer VALUES(793,'REMI1000','Remington Homes');
INSERT INTO customer VALUES(794,'REMO1000','Remodeling Contractors');
INSERT INTO customer VALUES(795,'RENE1000','Renewal By Anderson');
INSERT INTO customer VALUES(796,'RENO1000','Renovation Systems, LLC');
INSERT INTO customer VALUES(797,'RESI1000','Residential Construction Serv.');
INSERT INTO customer VALUES(798,'RESO1000','RE Solutions');
INSERT INTO customer VALUES(799,'REST1000','Restore Magic Construction');
INSERT INTO customer VALUES(800,'REVI1100','Revived Interiors, LLC');
INSERT INTO customer VALUES(801,'RIAL1100','Rial\ Lori');
INSERT INTO customer VALUES(802,'RICH1000','Richards Construction/Doug');
INSERT INTO customer VALUES(803,'RICH1300','Richter/ Ben (Employee)');
INSERT INTO customer VALUES(804,'RICH1400','Richardson Plumbing Co Inc.');
INSERT INTO customer VALUES(805,'RICK1000','Ricke/Jim');
INSERT INTO customer VALUES(806,'RICK1300','Rick''s Carpentry');
INSERT INTO customer VALUES(807,'RIDG1000','Ridgewood Homes');
INSERT INTO customer VALUES(808,'RIDG1100','Ridgeline Construction LLC');
INSERT INTO customer VALUES(809,'RIDN1000','Ridnour Construction');
INSERT INTO customer VALUES(810,'RIEH1000','Riehl/ Bob');
INSERT INTO customer VALUES(811,'RIGH1000','Right Roofing & Siding');
INSERT INTO customer VALUES(812,'RISI1000','Rising Star Wholesale');
INSERT INTO customer VALUES(813,'RIVE1200','River Valley Woodcraft');
INSERT INTO customer VALUES(814,'RJCO1000','RJ Construction');
INSERT INTO customer VALUES(815,'RLHC1000','RLH Construction');
INSERT INTO customer VALUES(816,'ROAC1000','Roach\Jeff');
INSERT INTO customer VALUES(817,'ROAW1000','ROA Works, LLC');
INSERT INTO customer VALUES(818,'ROBE1000','Roberts/Ryan');
INSERT INTO customer VALUES(819,'ROBE1100','Roberts Construction/Mike');
INSERT INTO customer VALUES(820,'ROBE1500','Roberts Const.\ Roger');
INSERT INTO customer VALUES(821,'ROBE1600','Roberts Htg, Cooling & Plmb');
INSERT INTO customer VALUES(822,'ROBI1000','Rob Robison Const & Remodeling');
INSERT INTO customer VALUES(823,'ROBI1100','Robinson\ Adam');
INSERT INTO customer VALUES(824,'ROCK1400','Rock Equity Holdings');
INSERT INTO customer VALUES(825,'RODG1000','Rodgers\ Floyd');
INSERT INTO customer VALUES(826,'ROHD1000','Rohde/Steve');
INSERT INTO customer VALUES(827,'ROJO1100','Rojohn\ Linda');
INSERT INTO customer VALUES(828,'ROOF1000','Roof Iowa LLC');
INSERT INTO customer VALUES(829,'ROSA1000','Rosalez Remodel & Renovations');
INSERT INTO customer VALUES(830,'ROSC1000','Roscoe''s Contracting');
INSERT INTO customer VALUES(831,'ROSE1000','Rosewood Homes');
INSERT INTO customer VALUES(832,'ROSE1100','Roseberry\ Thomas S.');
INSERT INTO customer VALUES(833,'ROSS1000','Ross\Pete');
INSERT INTO customer VALUES(834,'ROSS1100','Ross\ Matt');
INSERT INTO customer VALUES(835,'ROSS1200','Ross\ John & Lanae');
INSERT INTO customer VALUES(836,'ROSS1300','Ross\ Cory');
INSERT INTO customer VALUES(837,'ROSS1400','Ross Homes');
INSERT INTO customer VALUES(838,'ROWL1000','Rowland Construction Company');
INSERT INTO customer VALUES(839,'ROYA1200','Royal Properties');
INSERT INTO customer VALUES(840,'ROYA1300','Royal Flooring & Paints Iowa');
INSERT INTO customer VALUES(841,'RPM 1000','RPM Remodeling');
INSERT INTO customer VALUES(842,'RRIN1000','R & R Investors, Ltd.');
INSERT INTO customer VALUES(843,'RSCO1000','R&S Construction');
INSERT INTO customer VALUES(844,'RSCO1100','R & S Companies, LLC');
INSERT INTO customer VALUES(845,'RUIZ1000','Ruiz\ Antonio');
INSERT INTO customer VALUES(846,'RUPE1000','Ruperto Construction Inc.');
INSERT INTO customer VALUES(847,'RUSH1000','Rushton Sheet Metal, Inc.');
INSERT INTO customer VALUES(848,'RUSS1300','Russell Construction Co. Inc.');
INSERT INTO customer VALUES(849,'RYAN1100','Ryan Companies Us, Inc.');
INSERT INTO customer VALUES(850,'RYAN1300','Ryan\ Jack');
INSERT INTO customer VALUES(851,'RYKO1000','Ryko Manufacturing Co.');
INSERT INTO customer VALUES(852,'SAAV1000','Saavedra\Juan Carlos');
INSERT INTO customer VALUES(853,'SAGE1100','Sage Homes Inc.');
INSERT INTO customer VALUES(854,'SAJO1100','Sajovec\ Louis');
INSERT INTO customer VALUES(855,'SANB1000','Sanborn/ Linda');
INSERT INTO customer VALUES(856,'SAND1000','Sande Construction & Supply Co');
INSERT INTO customer VALUES(857,'SANG1000','Sanger/ Joe');
INSERT INTO customer VALUES(858,'SARG1000','Sargent\Roy');
INSERT INTO customer VALUES(859,'SAUE1000','Sauerman/Steve');
INSERT INTO customer VALUES(860,'SAWY1000','Sawyers Custom Homes');
INSERT INTO customer VALUES(861,'SAWY1100','Sawyer''s Meats Of Iowa Inc.');
INSERT INTO customer VALUES(862,'SCHA1400','Schaudt\ Lucas');
INSERT INTO customer VALUES(863,'SCHL1000','Schlenker Construction LLC');
INSERT INTO customer VALUES(864,'SCHM1100','Schmit/Mike');
INSERT INTO customer VALUES(865,'SCHM1500','Schmitz\ David');
INSERT INTO customer VALUES(866,'SCHR1100','Schroder/Greg');
INSERT INTO customer VALUES(867,'SCHR1500','Schroeder\ Jeremy');
INSERT INTO customer VALUES(868,'SCHU1000','Schulte Construction/ Ben');
INSERT INTO customer VALUES(869,'SCHW1000','Schwind/ Timothy');
INSERT INTO customer VALUES(870,'SCHW1300','Schweitzberger\ Rick');
INSERT INTO customer VALUES(871,'SCOT1100','Scott''s Quality Const Services');
INSERT INTO customer VALUES(872,'SCOT1200','Scott - On Building, LLC');
INSERT INTO customer VALUES(873,'SCRE1000','Screenbuilders');
INSERT INTO customer VALUES(874,'SCRE1100','Screenbuilders Of Ankeny LLC');
INSERT INTO customer VALUES(875,'SECO1000','Secor Jr./Bill');
INSERT INTO customer VALUES(876,'SEED1000','Seedorf Masonry');
INSERT INTO customer VALUES(877,'SEGN1000','Segner/Mike & Heidi');
INSERT INTO customer VALUES(878,'SEHM1000','Sehman\ Wade Alan');
INSERT INTO customer VALUES(879,'SEIL1000','Seiler Construction');
INSERT INTO customer VALUES(880,'SELE1100','Select Builders');
INSERT INTO customer VALUES(881,'SELE1200','Select Const. & Remodeling LLC');
INSERT INTO customer VALUES(882,'SELT1200','Seltz\ Doug');
INSERT INTO customer VALUES(883,'SELZ1100','Selzer/ Ralph');
INSERT INTO customer VALUES(884,'SEND1100','Senders Construction');
INSERT INTO customer VALUES(885,'SEPT1000','Septagon Construction Co.');
INSERT INTO customer VALUES(886,'SERV1000','Servpro Of Des Moines NW');
INSERT INTO customer VALUES(887,'SEVE1100','Severson\ Jon');
INSERT INTO customer VALUES(888,'SEVE1200','Severtson\ Lera');
INSERT INTO customer VALUES(889,'SHAF1000','Shaffer\ James');
INSERT INTO customer VALUES(890,'SHEL1600','Shell\ Brian');
INSERT INTO customer VALUES(891,'SHER1100','Sherwood/ Adam');
INSERT INTO customer VALUES(892,'SHER1300','Sherer Construction, LLC');
INSERT INTO customer VALUES(893,'SHIN1100','Shiny Top Brewing');
INSERT INTO customer VALUES(894,'SHIR1000','Shirbroun Construction');
INSERT INTO customer VALUES(895,'SHUT1000','Shute\ Isaiah');
INSERT INTO customer VALUES(896,'SHUT1100','Shute\ Jacob');
INSERT INTO customer VALUES(897,'SHYF1000','SHYFT Collective Construction');
INSERT INTO customer VALUES(898,'SIED1000','Siedelmann Const. Inc.');
INSERT INTO customer VALUES(899,'SIEM1100','Siems\ Mark');
INSERT INTO customer VALUES(900,'SIER1300','Sierra Pacific Windows');
INSERT INTO customer VALUES(901,'SIGN1200','Signature Companies of Iowa');
INSERT INTO customer VALUES(902,'SILE1000','Silent Rivers');
INSERT INTO customer VALUES(903,'SILE1001','Silent Rivers-ACCTG DO NOT USE');
INSERT INTO customer VALUES(904,'SILG1000','Silgan Containers Corp.');
INSERT INTO customer VALUES(905,'SIMP1100','Simpco Properties');
INSERT INTO customer VALUES(906,'SING1000','Single Source Architects');
INSERT INTO customer VALUES(907,'SIOU1000','Siouxland Scale Service');
INSERT INTO customer VALUES(908,'SJCB1000','SJC Builders LLC');
INSERT INTO customer VALUES(909,'SJM 1000','SJM Construction Inc');
INSERT INTO customer VALUES(910,'SJP 1000','SJP LLC');
INSERT INTO customer VALUES(911,'SKOL1000','Skold Construction');
INSERT INTO customer VALUES(912,'SKOW1000','Skow Real Estate');
INSERT INTO customer VALUES(913,'SMAL1000','Smalz Construction LLC');
INSERT INTO customer VALUES(914,'SMAL1001','Smalz Const.- Accounting');
INSERT INTO customer VALUES(915,'SMIT1100','Smith/Mark R.(Employee)');
INSERT INTO customer VALUES(916,'SMIT1500','Smith/ Juston');
INSERT INTO customer VALUES(917,'SMIT1800','Smith Construction\ Shane');
INSERT INTO customer VALUES(918,'SMIT1801','Smith Const\Shane- Accounting');
INSERT INTO customer VALUES(919,'SMIT2200','Smith\ Christopher');
INSERT INTO customer VALUES(920,'SMIT2900','Smith\ Gary');
INSERT INTO customer VALUES(921,'SMIT3000','Smith\ Austin');
INSERT INTO customer VALUES(922,'SNYD1500','Snyder/ Butch');
INSERT INTO customer VALUES(923,'SNYD1600','Snyder\ Stephen S');
INSERT INTO customer VALUES(924,'SOAP1000','Soapstone Construction LLC');
INSERT INTO customer VALUES(925,'SOLV1000','Solverson\ Bob & Deb');
INSERT INTO customer VALUES(926,'SOMM1000','Sommers/Brad');
INSERT INTO customer VALUES(927,'SORB1000','Sorbo Custom Deck Dsn & Build');
INSERT INTO customer VALUES(928,'SORE1000','Sorenson/David');
INSERT INTO customer VALUES(929,'SORE1100','Sorenson\ Isaiah Lee');
INSERT INTO customer VALUES(930,'SORE1200','Sorenson\ Andrew');
INSERT INTO customer VALUES(931,'SOUT1300','Southview Senior Apartments');
INSERT INTO customer VALUES(932,'SOUT1700','Southern Wind Outdoor Living');
INSERT INTO customer VALUES(933,'SOUT1701','Southern Wind- Accting Only');
INSERT INTO customer VALUES(934,'SOUT1800','Southridge Farms\ Oakview 2');
INSERT INTO customer VALUES(935,'SPEC1200','Specialty Consultants');
INSERT INTO customer VALUES(936,'SPRU1000','Spruce Exteriors LLC');
INSERT INTO customer VALUES(937,'SQUA1000','Square One Reconstruction');
INSERT INTO customer VALUES(938,'SSHO1000','S&S Homebuilders');
INSERT INTO customer VALUES(939,'STAH1000','Stahl Construction Company');
INSERT INTO customer VALUES(940,'STAH1100','Stahl\ Ethan');
INSERT INTO customer VALUES(941,'STAL1100','Staley\ Bill');
INSERT INTO customer VALUES(942,'STAL1200','Staley\ Chris');
INSERT INTO customer VALUES(943,'STAN1000','Stanek Brothers');
INSERT INTO customer VALUES(944,'STAN1100','Stanek/Jeff & Beth');
INSERT INTO customer VALUES(945,'STEE1100','Steenhoek\ Andrew');
INSERT INTO customer VALUES(946,'STEG1000','Steger Construction');
INSERT INTO customer VALUES(947,'STEI1100','Steinhoff Construction');
INSERT INTO customer VALUES(948,'STEM1000','Stemler Built LLC');
INSERT INTO customer VALUES(949,'STER1000','Sternquist Construction');
INSERT INTO customer VALUES(950,'STET1000','Stetson Building Products, Inc');
INSERT INTO customer VALUES(951,'STEV1000','Steve Reed Developments, Inc.');
INSERT INTO customer VALUES(952,'STEV1100','Stevens/Don');
INSERT INTO customer VALUES(953,'STEV1200','Stevens/Paul');
INSERT INTO customer VALUES(954,'STEV1400','Steve''s Construction, LLC');
INSERT INTO customer VALUES(955,'STEV1500','Stevens/John');
INSERT INTO customer VALUES(956,'STEV1900','Stevens\ Chad');
INSERT INTO customer VALUES(957,'STEV2000','Steve''s Homes Services LLC');
INSERT INTO customer VALUES(958,'STEW1000','Stewart\ Todd & Vickie');
INSERT INTO customer VALUES(959,'STFR1000','St. Francis Manor');
INSERT INTO customer VALUES(960,'STIL1100','Stiles/Terry');
INSERT INTO customer VALUES(961,'STON1100','Stone Construction');
INSERT INTO customer VALUES(962,'STON1200','Stone Construction/ Jared');
INSERT INTO customer VALUES(963,'STON1900','Stonecraft Homes, LLC');
INSERT INTO customer VALUES(964,'STON2300','Stonehouse Quartz & Granite');
INSERT INTO customer VALUES(965,'STON2500','Stone Cross Lawn & Landscape');
INSERT INTO customer VALUES(966,'STOP1000','Stoppleworth\ PJ');
INSERT INTO customer VALUES(967,'STOR1000','Stork Construction');
INSERT INTO customer VALUES(968,'STOR1200','Story Construction Company');
INSERT INTO customer VALUES(969,'STOR1401','Stormex- Accounting Only');
INSERT INTO customer VALUES(970,'STRA1000','Strahl/James');
INSERT INTO customer VALUES(971,'STRA1200','Strahan Construction');
INSERT INTO customer VALUES(972,'STRA1700','Straight A Construction');
INSERT INTO customer VALUES(973,'STRE1000','Streb Construction');
INSERT INTO customer VALUES(974,'STUB1000','Stubbs Construction');
INSERT INTO customer VALUES(975,'STUD1000','Studer Construction Inc.');
INSERT INTO customer VALUES(976,'STUM1000','Stumpf Farms  LLC');
INSERT INTO customer VALUES(977,'STUM1100','Stumpf Construction Services');
INSERT INTO customer VALUES(978,'STUR1000','Sturco Builders');
INSERT INTO customer VALUES(979,'STUT1100','Stutsman\ Andrew');
INSERT INTO customer VALUES(980,'SUMM1200','Summit Homes');
INSERT INTO customer VALUES(981,'SUND1000','Sundance Construction');
INSERT INTO customer VALUES(982,'SUNN1000','Sunnyside Homes LLC');
INSERT INTO customer VALUES(983,'SUPE1000','Superior Contractors');
INSERT INTO customer VALUES(984,'SVCS1000','SVC Siding LLC');
INSERT INTO customer VALUES(985,'SWEE1100','Sweers Properties 1');
INSERT INTO customer VALUES(986,'TAND1000','Tandem Builders LLC');
INSERT INTO customer VALUES(987,'TAYL1100','Taylor/Steve');
INSERT INTO customer VALUES(988,'TAYL1400','Taylor\ John');
INSERT INTO customer VALUES(989,'TBBL1000','TBB,L.C.');
INSERT INTO customer VALUES(990,'TBBM1000','TBB & M LLC');
INSERT INTO customer VALUES(991,'TCAR1000','T Carpentry');
INSERT INTO customer VALUES(992,'TCIB1000','TCI Builders');
INSERT INTO customer VALUES(993,'TDCO1000','T D Construction');
INSERT INTO customer VALUES(994,'TEAL1000','Teal Creek Homes');
INSERT INTO customer VALUES(995,'TECH1100','Tech Construction Corp.');
INSERT INTO customer VALUES(996,'TECO1000','T & E Construction, Inc.');
INSERT INTO customer VALUES(997,'TELF1000','Steve Telford');
INSERT INTO customer VALUES(998,'TEMP1100','Temple Real Estate Services');
INSERT INTO customer VALUES(999,'TENC1000','Ten Corp Inc.');
INSERT INTO customer VALUES(1000,'TENN1000','Tennant/Rob');
INSERT INTO customer VALUES(1001,'TERH1000','Terhark\ Karen');
INSERT INTO customer VALUES(1002,'TESK1000','Teske/Dan');
INSERT INTO customer VALUES(1003,'TESK1100','Teske/Steve');
INSERT INTO customer VALUES(1004,'THEF1000','The Flooring Guys LTD');
INSERT INTO customer VALUES(1005,'THEH1000','The HQ Handyman, LLC');
INSERT INTO customer VALUES(1006,'THER1000','The Right Stuf, Inc.');
INSERT INTO customer VALUES(1007,'THOM1600','Thomas/John');
INSERT INTO customer VALUES(1008,'THOM1700','Thompson Builders/J.');
INSERT INTO customer VALUES(1009,'THOM2700','Thomas\ Joseph');
INSERT INTO customer VALUES(1010,'THOM3000','Thompson Group LLC');
INSERT INTO customer VALUES(1011,'THOM3100','Thomas\ Jeff');
INSERT INTO customer VALUES(1012,'THOM3200','Thomas\ Steve');
INSERT INTO customer VALUES(1013,'THOR1200','Thornburg\ Jeremy');
INSERT INTO customer VALUES(1014,'THRE1000','Three Sixty Construction');
INSERT INTO customer VALUES(1015,'TIGG1000','Tigges/ Josh');
INSERT INTO customer VALUES(1016,'TIMC1000','Tim Chafa Const. Inc-DM');
INSERT INTO customer VALUES(1017,'TIMM1000','Timmerman/ David');
INSERT INTO customer VALUES(1018,'TITA1000','Titan Builders LLC');
INSERT INTO customer VALUES(1019,'TMBC1000','TMB Custom Homes');
INSERT INTO customer VALUES(1020,'TMJC1000','TMJ Construction Grimes');
INSERT INTO customer VALUES(1021,'TNTC1000','TNT Construction');
INSERT INTO customer VALUES(1022,'TODD1100','Todd & Sargent, Inc.');
INSERT INTO customer VALUES(1023,'TODD1200','Todd Construction');
INSERT INTO customer VALUES(1024,'TOLL1000','Tollari\ Joe');
INSERT INTO customer VALUES(1025,'TOPF1000','Top Flight Construction LLC');
INSERT INTO customer VALUES(1026,'TOPN1000','Top Notch Const & Roofing LLC');
INSERT INTO customer VALUES(1027,'TOPS1000','Tops Plus Inc.');
INSERT INTO customer VALUES(1028,'TORG1000','Torgerson Construction');
INSERT INTO customer VALUES(1029,'TOTA1000','Total Property Management');
INSERT INTO customer VALUES(1030,'TOWE1000','Towers/Jerry');
INSERT INTO customer VALUES(1031,'TOYB1000','Toy Box Construction');
INSERT INTO customer VALUES(1032,'TRAC1000','Tracey/Dave');
INSERT INTO customer VALUES(1033,'TRAC1100','Traco, LLC');
INSERT INTO customer VALUES(1034,'TRIF1000','Trifecta Development');
INSERT INTO customer VALUES(1035,'TRIL1000','Trilogy Homes LLC');
INSERT INTO customer VALUES(1036,'TRIP1300','Triple R Builders');
INSERT INTO customer VALUES(1037,'TROW1000','Trowbridge, Mark A.');
INSERT INTO customer VALUES(1038,'TRUB1000','Trubilt Homes');
INSERT INTO customer VALUES(1039,'TRUE1100','True Works LLC');
INSERT INTO customer VALUES(1040,'TURN1100','Turner Construction Co.');
INSERT INTO customer VALUES(1041,'TWGC1000','TWG Construction, LLC');
INSERT INTO customer VALUES(1042,'TWIN1000','Twin Lakes Christian Center');
INSERT INTO customer VALUES(1043,'TWIN1100','Twin Hammer');
INSERT INTO customer VALUES(1044,'TWOP1000','Two Point 2 LLC');
INSERT INTO customer VALUES(1045,'ULIC1200','Ulicki\ Jerry');
INSERT INTO customer VALUES(1046,'UMTH1000','Umthun Construction');
INSERT INTO customer VALUES(1047,'UNIT1000','United Contractors');
INSERT INTO customer VALUES(1048,'unit1100','United Services-DM');
INSERT INTO customer VALUES(1049,'UNIT1200','United States Gypsum Co.');
INSERT INTO customer VALUES(1050,'UPTO1000','Uptown Construction');
INSERT INTO customer VALUES(1051,'UPWA1000','Upward Bound Construction LLC');
INSERT INTO customer VALUES(1052,'USCO1000','US Army Corp Of Engineers');
INSERT INTO customer VALUES(1053,'UTLE1000','Utley/Doug');
INSERT INTO customer VALUES(1054,'UTLE1100','Utley/Ronald');
INSERT INTO customer VALUES(1055,'UTTE1000','Utterback Construction');
INSERT INTO customer VALUES(1056,'VALL1300','Valles\ Raul & Mary Lu');
INSERT INTO customer VALUES(1057,'VAND1000','Van Dam/Marv');
INSERT INTO customer VALUES(1058,'VAND1100','Vander Zwaag Builders');
INSERT INTO customer VALUES(1059,'VAND1300','Vanderpol\ Matthew');
INSERT INTO customer VALUES(1060,'VANW1000','Van Weelden/ Brad');
INSERT INTO customer VALUES(1061,'VANW1100','Van Wyk\ Lance');
INSERT INTO customer VALUES(1062,'VAUG1000','Vaughan Homes, LLC');
INSERT INTO customer VALUES(1063,'VAZQ1000','Vazquez Construction');
INSERT INTO customer VALUES(1064,'VELD1000','Veldkamp Construction SVCS, LL');
INSERT INTO customer VALUES(1065,'VENT1000','Venter-Spooner Inc.');
INSERT INTO customer VALUES(1066,'VIEC1000','Vieco Development & Const.');
INSERT INTO customer VALUES(1067,'VINC1000','Vincent Enger Homes LLC');
INSERT INTO customer VALUES(1068,'VINC1100','Vincent General Contracting');
INSERT INTO customer VALUES(1069,'VOGE1100','Vogel/Kurt');
INSERT INTO customer VALUES(1070,'VRY 1000','Vry\ Alan & Michelle');
INSERT INTO customer VALUES(1071,'WACO1000','Wacome\ David');
INSERT INTO customer VALUES(1072,'WADD1000','Waddle Exteriors');
INSERT INTO customer VALUES(1073,'WAGN1000','Wagner Construction Services');
INSERT INTO customer VALUES(1074,'WAHE1000','Wahe\ Scott');
INSERT INTO customer VALUES(1075,'WALD1000','Waldinger Corporation');
INSERT INTO customer VALUES(1076,'WALK1000','Walker/Rob');
INSERT INTO customer VALUES(1077,'WALK1100','Walker/Jeff');
INSERT INTO customer VALUES(1078,'WALK1501','Walker\ James-ACCting Do Not');
INSERT INTO customer VALUES(1079,'WALL1000','Waller Construction');
INSERT INTO customer VALUES(1080,'WALT1100','Walters Interior Design');
INSERT INTO customer VALUES(1081,'WALT1400','Walters\ Tyler');
INSERT INTO customer VALUES(1082,'WARD1200','Ward\ Janelle');
INSERT INTO customer VALUES(1083,'WARN1100','Warner Building Group');
INSERT INTO customer VALUES(1084,'WARN1200','Warnell\ Dakota');
INSERT INTO customer VALUES(1085,'WARR1200','Warren\ Rodney');
INSERT INTO customer VALUES(1086,'WATS1000','Watson Construction');
INSERT INTO customer VALUES(1087,'WBHO1000','WB Holdings');
INSERT INTO customer VALUES(1088,'WEAV1000','Weaver Construction LLC');
INSERT INTO customer VALUES(1089,'WEBB1100','Webb\ Philip F.');
INSERT INTO customer VALUES(1090,'WEBS1000','Webster Co.Conserv.Foundation');
INSERT INTO customer VALUES(1091,'WEBS1200','Webster Glass Co.');
INSERT INTO customer VALUES(1092,'WEIT1000','Weitz Company');
INSERT INTO customer VALUES(1093,'WEIT1100','Weitz Industrial, LLC');
INSERT INTO customer VALUES(1094,'WELC1100','Welch\ Adam');
INSERT INTO customer VALUES(1095,'WELK1000','Welker Construction');
INSERT INTO customer VALUES(1096,'WELL1200','Wells Renovations');
INSERT INTO customer VALUES(1097,'WERL1000','Werle/ Gary');
INSERT INTO customer VALUES(1098,'WESL1000','Wesley Acres');
INSERT INTO customer VALUES(1099,'WESL1100','Wesley/Gary');
INSERT INTO customer VALUES(1100,'WEST1100','Westwinds Real Estate');
INSERT INTO customer VALUES(1101,'WEST1200','Westbrooke Construction');
INSERT INTO customer VALUES(1102,'WEST1500','Weston\ Scott');
INSERT INTO customer VALUES(1103,'WEST1600','West\ Eric');
INSERT INTO customer VALUES(1104,'WEST1700','Weston Companies LLC');
INSERT INTO customer VALUES(1105,'WEST1800','Westbrook\ Josh');
INSERT INTO customer VALUES(1106,'WETP1000','Wet Paint Company');
INSERT INTO customer VALUES(1107,'WHEE1000','Wheeler Construction');
INSERT INTO customer VALUES(1108,'WHIS1000','Whisner\Mike');
INSERT INTO customer VALUES(1109,'WHIT1000','White Construction');
INSERT INTO customer VALUES(1110,'WHIT1100','White/Martin');
INSERT INTO customer VALUES(1111,'WHIT1400','Whitey Exteriors');
INSERT INTO customer VALUES(1112,'WICK1000','Wicks Homes LLC');
INSERT INTO customer VALUES(1113,'WIEM1000','Wiemann/Chris');
INSERT INTO customer VALUES(1114,'WIEM1100','Wiemann/Chuck');
INSERT INTO customer VALUES(1115,'WIES1100','Wiese\ Joe');
INSERT INTO customer VALUES(1116,'WIES1200','Wieser Brothers General Cont.');
INSERT INTO customer VALUES(1117,'WILD1100','Wildwood Floors Inc.');
INSERT INTO customer VALUES(1118,'WILE1000','Wiley/Ken');
INSERT INTO customer VALUES(1119,'WILL1100','Williams Remodeling');
INSERT INTO customer VALUES(1120,'WILL1700','Williams\ Nicholas W.');
INSERT INTO customer VALUES(1121,'WILL1900','Williams Brothers Construction');
INSERT INTO customer VALUES(1122,'WILS1000','Wilson/Doug');
INSERT INTO customer VALUES(1123,'WILS1100','Wilson/ Carrie');
INSERT INTO customer VALUES(1124,'WILS1400','Wilson/ Dave & Lisa');
INSERT INTO customer VALUES(1125,'WIND1000','Window Solutions');
INSERT INTO customer VALUES(1126,'WINN1000','Winninger/Gary');
INSERT INTO customer VALUES(1127,'WISE1000','Wise\ Rodney');
INSERT INTO customer VALUES(1128,'WITH1000','Withers/Bev');
INSERT INTO customer VALUES(1129,'WOOD1300','Wood/ Tracy');
INSERT INTO customer VALUES(1130,'WOOD1500','Woodland Fair Constr. Co., Inc');
INSERT INTO customer VALUES(1131,'WOOD1600','Woodruff Construction');
INSERT INTO customer VALUES(1132,'WOOD2100','Wood/ Chay');
INSERT INTO customer VALUES(1133,'WOOD2800','Woods\ Jim');
INSERT INTO customer VALUES(1134,'WOOD2900','Wood\ Dan');
INSERT INTO customer VALUES(1135,'WOOD3100','Wooded Acres LLC');
INSERT INTO customer VALUES(1136,'WOOD3101','Wooded Acres - Accting Only');
INSERT INTO customer VALUES(1137,'WORT1000','Worth In Ex');
INSERT INTO customer VALUES(1138,'WRHI1000','WRH, Inc.');
INSERT INTO customer VALUES(1139,'WRIG1000','Wright\ Chad M.');
INSERT INTO customer VALUES(1140,'WYAN1000','Wyant Flooring, Inc.');
INSERT INTO customer VALUES(1141,'WYAN1100','Wyant/Rick');
INSERT INTO customer VALUES(1142,'XTRE1000','Xtreme Builders');
INSERT INTO customer VALUES(1143,'YARR1000','Yarrow Building Services LLC');
INSERT INTO customer VALUES(1144,'YAZE1000','Yazel Renovation LLC');
INSERT INTO customer VALUES(1145,'YERI1000','Yerigan\ Dave');
INSERT INTO customer VALUES(1146,'YETM1000','Yetmar/Keith');
INSERT INTO customer VALUES(1147,'YODE1200','Yoder''s Construction');
INSERT INTO customer VALUES(1148,'YOUN1200','Young/Gene');
INSERT INTO customer VALUES(1149,'YOUN1600','Yount\ Scott');
INSERT INTO customer VALUES(1150,'YOUR1000','Your Handyman Jones LLC');
INSERT INTO customer VALUES(1151,'YUSK1000','Yuska\ Scott');
INSERT INTO customer VALUES(1152,'ZAHA1000','Zahasky Construction LLC');
INSERT INTO customer VALUES(1153,'ZDRA1000','Zdrazill Construction\ Alan');
INSERT INTO customer VALUES(1154,'ZENI1000','Zenith Design Build');
INSERT INTO customer VALUES(1155,'ZINN1000','Zinnel Roofing & Exteriors');
INSERT INTO customer VALUES(1156,'3DHO1000','3 D Homes LLC');
INSERT INTO customer VALUES(1157,'ADVA1300','Advantage Custom Builders');
INSERT INTO customer VALUES(1158,'CASH1000','Cash Sales');
INSERT INTO customer VALUES(1159,'CROW1200','Crown Homes, LLC');
CREATE TABLE estimator (
	"estimatorID" INTEGER NOT NULL, 
	"estimatorName" VARCHAR(100) NOT NULL, 
	"estimatorUsername" VARCHAR(100) NOT NULL, 
	type VARCHAR(50) NOT NULL, 
	PRIMARY KEY ("estimatorID")
);
INSERT INTO estimator VALUES(1,'Karl Peters','kpeters','Estimator');
INSERT INTO estimator VALUES(2,'JC King','jking','Estimator');
INSERT INTO estimator VALUES(3,'Matt Hackett','mhackett','Estimator');
INSERT INTO estimator VALUES(4,'Ryan Boes','rboes','Estimator');
INSERT INTO estimator VALUES(5,'Don Stevens','dstevens','Estimator');
INSERT INTO estimator VALUES(6,'Amy Larsen','alarsen','Designer');
INSERT INTO estimator VALUES(7,'Mike Blevins','mblevins','Designer');
INSERT INTO estimator VALUES(8,'Mike Wagenknecht','mwagenknecht','Designer');
INSERT INTO estimator VALUES(9,'Aaron McGrean','amcgrean','Estimator');
CREATE TABLE bid (
	id INTEGER NOT NULL, 
	plan_type VARCHAR(50) NOT NULL, 
	customer_id INTEGER NOT NULL, 
	project_name VARCHAR(100) NOT NULL, 
	estimator_id INTEGER, 
	status VARCHAR(50), 
	log_date DATETIME, 
	due_date DATETIME, 
	completion_date DATETIME, 
	notes TEXT, last_updated_by VARCHAR(150), last_updated_at DATETIME, 
	PRIMARY KEY (id), 
	FOREIGN KEY(customer_id) REFERENCES customer (id), 
	CONSTRAINT fk_estimator_id FOREIGN KEY(estimator_id) REFERENCES estimator ("estimatorID")
);
CREATE TABLE IF NOT EXISTS "design" (
	id INTEGER NOT NULL, 
	"planNumber" VARCHAR(10) NOT NULL, 
	plan_name VARCHAR(100) NOT NULL, 
	customer_id INTEGER NOT NULL, 
	project_address VARCHAR(200) NOT NULL, 
	contractor VARCHAR(100), 
	log_date DATETIME, 
	preliminary_set_date DATETIME, 
	designer_id INTEGER, 
	status VARCHAR(50), 
	plan_description VARCHAR(50), 
	notes TEXT, last_updated_by VARCHAR(150), last_updated_at DATETIME, 
	PRIMARY KEY (id), 
	UNIQUE ("planNumber"), 
	FOREIGN KEY(customer_id) REFERENCES customer (id), 
	FOREIGN KEY(designer_id) REFERENCES estimator ("estimatorID")
);
INSERT INTO design VALUES(1,'1125-24','Magnolia II',770,'2328 Green Leaf, Norwalk',NULL,'2024-05-16 00:00:00.000000',NULL,6,'Active',NULL,NULL,'admin','2024-07-13 00:00:00');
INSERT INTO design VALUES(2,'1124-24','Truth Family',770,'133 W Main St',NULL,'2024-05-13 00:00:00.000000',NULL,6,'Active',NULL,NULL,'admin','2024-07-13 00:00:00');
INSERT INTO design VALUES(3,'1122-24','Tiny House Plan',853,'',NULL,'2024-05-10 00:00:00.000000',NULL,7,'Active',NULL,NULL,'admin','2024-07-13 00:00:00');
INSERT INTO design VALUES(4,'1123-24','Bayberry Plan',853,'1103 S. O St.',NULL,'2024-05-10 00:00:00.000000',NULL,7,'Active',NULL,NULL,'admin','2024-07-13 00:00:00');
INSERT INTO design VALUES(5,'1121-24','Lemongrass Plan',853,'4320 NW 13th St.',NULL,'2024-05-07 00:00:00.000000',NULL,7,'Active',NULL,NULL,'admin','2024-07-13 00:00:00');
INSERT INTO design VALUES(6,'1116-24','Bayberry Plan',853,'22945 Valley View Trail',NULL,'2024-05-03 00:00:00.000000',NULL,7,'Active',NULL,NULL,'admin','2024-07-13 00:00:00');
INSERT INTO design VALUES(7,'1117-24','Bayberry Plan',853,'3536 NW 183rd St.',NULL,'2024-05-03 00:00:00.000000',NULL,7,'Active',NULL,NULL,'admin','2024-07-13 00:00:00');
INSERT INTO design VALUES(8,'1118-24','Willow Plan',853,'4706 180th St.',NULL,'2024-05-03 00:00:00.000000',NULL,7,'Active',NULL,NULL,'admin','2024-07-13 00:00:00');
INSERT INTO design VALUES(9,'1119-24','Sequoia Plan',853,'14609 Persimmon Dr.',NULL,'2024-05-03 00:00:00.000000',NULL,7,'Active',NULL,NULL,'admin','2024-07-13 00:00:00');
INSERT INTO design VALUES(10,'1120-24','Heuton Spec',260,'18256 Alderleaf Dr',NULL,'2024-05-03 00:00:00.000000',NULL,6,'Active',NULL,NULL,'admin','2024-07-13 00:00:00');
INSERT INTO design VALUES(11,'1111-24','Ridgway Residence',2,'',NULL,'2024-04-30 00:00:00.000000',NULL,7,'Active',NULL,NULL,'admin','2024-07-13 00:00:00');
INSERT INTO design VALUES(12,'1112-24','Patterson Addition',770,'11614 NW 114th Ave, Granger',NULL,'2024-04-30 00:00:00.000000',NULL,7,'Active',NULL,NULL,'admin','2024-07-13 00:00:00');
INSERT INTO design VALUES(13,'1113-24','Solberg Residence',770,'',NULL,'2024-04-30 00:00:00.000000',NULL,7,'Active',NULL,NULL,'admin','2024-07-13 00:00:00');
INSERT INTO design VALUES(14,'1114-24','Maple Plan',853,'2024 5th St.',NULL,'2024-04-30 00:00:00.000000',NULL,7,'Active',NULL,NULL,'admin','2024-07-13 00:00:00');
INSERT INTO design VALUES(15,'1115-24','Daisy Plan',853,'1207 NW Watercrest Dr.',NULL,'2024-04-30 00:00:00.000000',NULL,7,'Active',NULL,NULL,'admin','2024-07-13 00:00:00');
INSERT INTO design VALUES(16,'1110-24','Cosgriff Ranch',149,'4653 149th St, Urbandale',NULL,'2024-04-29 00:00:00.000000',NULL,6,'Active',NULL,NULL,'admin','2024-07-13 00:00:00');
INSERT INTO design VALUES(17,'1109-24','Prescott Plan',853,'4307 NW 13th St.',NULL,'2024-04-26 00:00:00.000000',NULL,7,'Active',NULL,NULL,'admin','2024-07-13 00:00:00');
INSERT INTO design VALUES(18,'1108-24','The Grant',265,'',NULL,'2024-04-25 00:00:00.000000',NULL,8,'Active',NULL,NULL,'admin','2024-07-13 00:00:00');
INSERT INTO design VALUES(19,'1101-24','Sycamore Plan',853,'1914 Greenbelt Dr.',NULL,'2024-04-22 00:00:00.000000',NULL,7,'Active',NULL,NULL,'admin','2024-07-13 00:00:00');
INSERT INTO design VALUES(20,'1106-24','Thompson Addition',770,'31572 200th  St',NULL,'2024-04-22 00:00:00.000000',NULL,8,'Active',NULL,NULL,'admin','2024-07-13 00:00:00');
INSERT INTO design VALUES(21,'1107-24','The Frances',265,'',NULL,'2024-04-22 00:00:00.000000',NULL,8,'Active',NULL,NULL,'admin','2024-07-13 00:00:00');
INSERT INTO design VALUES(22,'1096-24','Deck Plan',63,'2626 Moonlight Dr.',NULL,'2024-04-19 00:00:00.000000',NULL,7,'Active',NULL,NULL,'admin','2024-07-13 00:00:00');
INSERT INTO design VALUES(23,'1097-24','Deck Plan',63,'800 SE Westwoods Dr.',NULL,'2024-04-19 00:00:00.000000',NULL,7,'Active',NULL,NULL,'admin','2024-07-13 00:00:00');
INSERT INTO design VALUES(24,'1098-24','Deck Plan',63,'7080 Coburn Lane',NULL,'2024-04-19 00:00:00.000000',NULL,7,'Active',NULL,NULL,'admin','2024-07-13 00:00:00');
INSERT INTO design VALUES(25,'1099-24','Maple Plan',853,'10128 Empire Ct.',NULL,'2024-04-19 00:00:00.000000',NULL,7,'Active',NULL,NULL,'admin','2024-07-13 00:00:00');
INSERT INTO design VALUES(26,'1100-24','Pool House',853,'3973 183rd',NULL,'2024-04-19 00:00:00.000000',NULL,7,'Active',NULL,NULL,'admin','2024-07-13 00:00:00');
INSERT INTO design VALUES(27,'1093-24','Denny-Shed',770,'',NULL,'2024-04-18 00:00:00.000000',NULL,7,'Active',NULL,NULL,'admin','2024-07-13 00:00:00');
INSERT INTO design VALUES(28,'1092-24','Hoover Residence',330,'',NULL,'2024-04-17 00:00:00.000000',NULL,7,'Active',NULL,NULL,'admin','2024-07-13 00:00:00');
INSERT INTO design VALUES(29,'1091-24','Willis Residence',770,'','Artelia','2024-04-16 00:00:00.000000',NULL,6,'Active',NULL,NULL,'admin','2024-07-13 00:00:00');
INSERT INTO design VALUES(30,'1089-24','The Grant',265,'1300 NW Meadowland Ct NW',NULL,'2024-04-11 00:00:00.000000',NULL,8,'Active',NULL,NULL,'admin','2024-07-13 00:00:00');
INSERT INTO design VALUES(31,'1085-24','Sycamore Plan',853,'1915 Greenbelt Dr.',NULL,'2024-04-08 00:00:00.000000',NULL,7,'Active',NULL,NULL,'admin','2024-07-13 00:00:00');
INSERT INTO design VALUES(32,'1086-24','Spruce Plan',853,'515 E. Vista Lake Ave.',NULL,'2024-04-08 00:00:00.000000',NULL,7,'Active',NULL,NULL,'admin','2024-07-13 00:00:00');
INSERT INTO design VALUES(33,'1087-24','Sequoia Plan',853,'1302 NW Jackson Dr.',NULL,'2024-04-08 00:00:00.000000',NULL,7,'Active',NULL,NULL,'admin','2024-07-13 00:00:00');
INSERT INTO design VALUES(34,'1088-24','Spruce Plan',853,'1301 NW Jackson Dr.',NULL,'2024-04-08 00:00:00.000000',NULL,7,'Active',NULL,NULL,'admin','2024-07-13 00:00:00');
INSERT INTO design VALUES(35,'1084-24','Ranch',768,'3370 NW Prescott Ct',NULL,'2024-04-05 00:00:00.000000',NULL,6,'Bid Set',NULL,NULL,'admin','2024-07-13 00:00:00');
INSERT INTO design VALUES(36,'1082-24','Sequoia Plan',853,'3377 NW Prescott Dr.',NULL,'2024-04-04 00:00:00.000000',NULL,7,'Active',NULL,NULL,'admin','2024-07-13 00:00:00');
INSERT INTO design VALUES(37,'1080-24','Bayberry Plan',853,'3320 SE 96th St.',NULL,'2024-04-01 00:00:00.000000',NULL,7,'Active',NULL,NULL,'admin','2024-07-13 00:00:00');
INSERT INTO design VALUES(38,'1079-24','Maple Plan',853,'465 NW Ashley Ct.',NULL,'2024-03-29 00:00:00.000000',NULL,7,'Active',NULL,NULL,'admin','2024-07-13 00:00:00');
INSERT INTO design VALUES(39,'1077-24','Willow Plan',853,'Quincy Trail, Indianola',NULL,'2024-03-28 00:00:00.000000',NULL,7,'Active',NULL,NULL,'admin','2024-07-13 00:00:00');
INSERT INTO design VALUES(40,'1078-24','Spruce Plan',853,'1108 NW Jackson Dr.',NULL,'2024-03-28 00:00:00.000000',NULL,7,'Active',NULL,NULL,'admin','2024-07-13 00:00:00');
INSERT INTO design VALUES(41,'1076-24','Sequoia Plan',853,'4136 NW 177th St.',NULL,'2024-03-25 00:00:00.000000',NULL,7,'Active',NULL,NULL,'admin','2024-07-13 00:00:00');
INSERT INTO design VALUES(42,'1074-24','Maple Plan',853,'255 NW Copperleaf Ct.',NULL,'2024-03-19 00:00:00.000000',NULL,7,'Active',NULL,NULL,'admin','2024-07-13 00:00:00');
INSERT INTO design VALUES(43,'1069-24','Magnolia Plan',853,'1108 NW 31st St.',NULL,'2024-03-18 00:00:00.000000',NULL,7,'Active',NULL,NULL,'admin','2024-07-13 00:00:00');
INSERT INTO design VALUES(44,'1070-24','Linden Plan',853,'3345 NW Prescott Ct.',NULL,'2024-03-18 00:00:00.000000',NULL,7,'Active',NULL,NULL,'admin','2024-07-13 00:00:00');
INSERT INTO design VALUES(45,'1071-24','Maple Plan',853,'2221 Green Leaf Circle',NULL,'2024-03-18 00:00:00.000000',NULL,7,'Active',NULL,NULL,'admin','2024-07-13 00:00:00');
INSERT INTO design VALUES(46,'1072-24','Daisy Plan',853,'1914 Tuscany Dr. SE',NULL,'2024-03-18 00:00:00.000000',NULL,7,'Active',NULL,NULL,'admin','2024-07-13 00:00:00');
INSERT INTO design VALUES(47,'1073-24','Maple Plan',853,'5649 163rd St.',NULL,'2024-03-18 00:00:00.000000',NULL,7,'Active',NULL,NULL,'admin','2024-07-13 00:00:00');
INSERT INTO design VALUES(48,'1062-24','Maple Plan',853,'1001 Meadowland Ct. NW',NULL,'2024-03-13 00:00:00.000000',NULL,7,'Active',NULL,NULL,'admin','2024-07-13 00:00:00');
INSERT INTO design VALUES(49,'1063-24','Lemberg Residence',770,'',NULL,'2024-03-13 00:00:00.000000',NULL,6,'Bid Set',NULL,NULL,'admin','2024-07-13 00:00:00');
INSERT INTO design VALUES(50,'1064-24','Schulz Residence',770,'',NULL,'2024-03-13 00:00:00.000000',NULL,NULL,'Bid Set',NULL,NULL,'admin','2024-07-13 00:00:00');
INSERT INTO design VALUES(51,'1066-24','Lueder Addition',283,'1211 Frontier Rd, Ellston',NULL,'2024-03-13 00:00:00.000000',NULL,8,'Active',NULL,NULL,'admin','2024-07-13 00:00:00');
INSERT INTO design VALUES(52,'1067-24','Fulton Addition',770,'13521 McGregor St, Indianola',NULL,'2024-03-13 00:00:00.000000',NULL,8,'Active',NULL,NULL,'admin','2024-07-13 00:00:00');
INSERT INTO design VALUES(53,'1068-24','Fleetwood 4 Bedroom',770,'',NULL,'2024-03-13 00:00:00.000000',NULL,6,'Active',NULL,NULL,'admin','2024-07-13 00:00:00');
INSERT INTO design VALUES(54,'1061-24','The Samantha Plan',770,'','Candor Homes','2024-03-12 00:00:00.000000',NULL,6,'Active',NULL,NULL,'admin','2024-07-13 00:00:00');
INSERT INTO design VALUES(55,'1058-24','Landon Residence',61,'',NULL,'2024-03-10 00:00:00.000000',NULL,6,'Active',NULL,NULL,'admin','2024-07-13 00:00:00');
INSERT INTO design VALUES(56,'1050-24','Maple Plan',853,'1106 NW Jackson Dr.',NULL,'2024-03-04 00:00:00.000000',NULL,7,'Active',NULL,NULL,'admin','2024-07-13 00:00:00');
INSERT INTO design VALUES(57,'1051-24','Clearwater Plan',853,'511 Prairie View Dr.',NULL,'2024-03-04 00:00:00.000000',NULL,7,'Active',NULL,NULL,'admin','2024-07-13 00:00:00');
INSERT INTO design VALUES(58,'1052-24','Cypress Plan',853,'709 Sun Circle',NULL,'2024-03-04 00:00:00.000000',NULL,7,'Active',NULL,NULL,'admin','2024-07-13 00:00:00');
INSERT INTO design VALUES(59,'1053-24','Sequoia Plan',853,'5648 163rd St.',NULL,'2024-03-04 00:00:00.000000',NULL,7,'Active',NULL,NULL,'admin','2024-07-13 00:00:00');
INSERT INTO design VALUES(60,'1054-24','Sycamore Plan',853,'1405 NW Benjamin Dr.',NULL,'2024-03-04 00:00:00.000000',NULL,7,'Active',NULL,NULL,'admin','2024-07-13 00:00:00');
INSERT INTO design VALUES(61,'1055-24','Orchid Plan',853,'4605 NW 13th St.',NULL,'2024-03-04 00:00:00.000000',NULL,7,'Active',NULL,NULL,'admin','2024-07-13 00:00:00');
INSERT INTO design VALUES(62,'1056-24','Orchid Plan',853,'506 18th Ave. E.',NULL,'2024-03-04 00:00:00.000000',NULL,7,'Active',NULL,NULL,'admin','2024-07-13 00:00:00');
INSERT INTO design VALUES(63,'1057-24','Clearwater Plan',853,'511 17th Ave. E.',NULL,'2024-03-04 00:00:00.000000',NULL,7,'Active',NULL,NULL,'admin','2024-07-13 00:00:00');
INSERT INTO design VALUES(64,'1049-24','Deck Plan',63,'2422 Maple St.',NULL,'2024-03-01 00:00:00.000000',NULL,7,'Active',NULL,NULL,'admin','2024-07-13 00:00:00');
INSERT INTO design VALUES(65,'1048-24','Deck Plan',617,'',NULL,'2024-02-28 00:00:00.000000',NULL,8,'Active',NULL,NULL,'admin','2024-07-13 00:00:00');
INSERT INTO design VALUES(66,'1046-24','Maple Plan',853,'2260 Green Leaf Circle',NULL,'2024-02-26 00:00:00.000000',NULL,7,'Active',NULL,NULL,'admin','2024-07-13 00:00:00');
INSERT INTO design VALUES(67,'1043-24','Small ranch spec',617,'1234','None','2024-02-23 00:00:00.000000',NULL,8,'Active',NULL,'None','admin','2024-07-13 00:00:00');
INSERT INTO design VALUES(68,'1036-24','Maple Plan',853,'South K St.',NULL,'2024-02-20 00:00:00.000000',NULL,7,'Active',NULL,NULL,'admin','2024-07-13 00:00:00');
INSERT INTO design VALUES(69,'1035-24','Maple Plan',853,'17683 Hammontree Dr.',NULL,'2024-02-19 00:00:00.000000',NULL,7,'Active',NULL,NULL,'admin','2024-07-13 00:00:00');
INSERT INTO design VALUES(70,'1032-24','Maple Plan',853,'375 NW Red Oak Dr.',NULL,'2024-02-15 00:00:00.000000',NULL,7,'Active',NULL,NULL,'admin','2024-07-13 00:00:00');
INSERT INTO design VALUES(71,'1033-24','Daisy Plan',853,'509 Prairie View Dr.',NULL,'2024-02-15 00:00:00.000000',NULL,7,'Active',NULL,NULL,'admin','2024-07-13 00:00:00');
INSERT INTO design VALUES(72,'1034-24','',770,'',NULL,'2024-02-15 00:00:00.000000',NULL,6,'Active',NULL,NULL,'admin','2024-07-13 00:00:00');
INSERT INTO design VALUES(73,'1031-24','Sycamore Plan',853,'460 NW Ashley Circle',NULL,'2024-02-14 00:00:00.000000',NULL,7,'Active',NULL,NULL,'admin','2024-07-13 00:00:00');
INSERT INTO design VALUES(74,'1029-24','Vinay and Anu',770,'Clive',NULL,'2024-02-13 00:00:00.000000',NULL,8,'Active',NULL,NULL,'admin','2024-07-13 00:00:00');
INSERT INTO design VALUES(75,'1027-24','Daisy Plan',853,'408 S. Haley Ln.',NULL,'2024-02-12 00:00:00.000000',NULL,7,'Active',NULL,NULL,'admin','2024-07-13 00:00:00');
INSERT INTO design VALUES(76,'1026-24','Maple Plan',853,'4714 NW 17th St.',NULL,'2024-02-08 00:00:00.000000',NULL,7,'Active',NULL,NULL,'admin','2024-07-13 00:00:00');
INSERT INTO design VALUES(77,'1022-24','Cypress Plan',853,'6367 NE 11th St.',NULL,'2024-02-07 00:00:00.000000',NULL,7,'Active',NULL,NULL,'admin','2024-07-13 00:00:00');
INSERT INTO design VALUES(78,'1023-24','Thornton Ave Addition',617,'',NULL,'2024-02-07 00:00:00.000000',NULL,6,'Active',NULL,NULL,'admin','2024-07-13 00:00:00');
INSERT INTO design VALUES(79,'1025-24','Ranch Spec',770,'','Monarca Homes','2024-02-07 00:00:00.000000',NULL,6,'Bid Set',NULL,NULL,'admin','2024-07-13 00:00:00');
INSERT INTO design VALUES(80,'1019-24','Maple Plan',853,'2346 Green Leaf Circle',NULL,'2024-02-06 00:00:00.000000',NULL,7,'Active',NULL,NULL,'admin','2024-07-13 00:00:00');
INSERT INTO design VALUES(81,'1020-24','Sycamore Plan',853,'3232 NW Crescent Ct.',NULL,'2024-02-06 00:00:00.000000',NULL,7,'Active',NULL,NULL,'admin','2024-07-13 00:00:00');
INSERT INTO design VALUES(82,'1016-24','Prescott Plan',853,'4403 NW 12th St.',NULL,'2024-01-30 00:00:00.000000',NULL,7,'Active',NULL,NULL,'admin','2024-07-13 00:00:00');
INSERT INTO design VALUES(83,'1010-24','Linden Plan',853,'435 NW Ashley Circle',NULL,'2024-01-29 00:00:00.000000',NULL,7,'Active',NULL,NULL,'admin','2024-07-13 00:00:00');
INSERT INTO design VALUES(84,'1011-24','Maple Plan',853,'445 NW Ashley Circle',NULL,'2024-01-29 00:00:00.000000',NULL,7,'Active',NULL,NULL,'admin','2024-07-13 00:00:00');
INSERT INTO design VALUES(85,'1012-24','Hawthorn Plan',853,'2610 Avalon Dr.',NULL,'2024-01-29 00:00:00.000000',NULL,7,'Active',NULL,NULL,'admin','2024-07-13 00:00:00');
INSERT INTO design VALUES(86,'1013-24','Maple Plan',853,'1109 NW Jackson Dr.',NULL,'2024-01-29 00:00:00.000000',NULL,7,'Active',NULL,NULL,'admin','2024-07-13 00:00:00');
INSERT INTO design VALUES(87,'1014-24','Sequoia Plan',853,'1609 NW Benjamin Dr.',NULL,'2024-01-29 00:00:00.000000',NULL,7,'Active',NULL,NULL,'admin','2024-07-13 00:00:00');
INSERT INTO design VALUES(88,'1015-24','Rosewood Plan',853,'1516 NW Benjamin Dr.',NULL,'2024-01-29 00:00:00.000000',NULL,7,'Active',NULL,NULL,'admin','2024-07-13 00:00:00');
INSERT INTO design VALUES(89,'1005-24','Hickenbottom Residence',770,'','Corkrean Homes','2024-01-18 00:00:00.000000',NULL,8,'Bid Set',NULL,NULL,'admin','2024-07-13 00:00:00');
INSERT INTO design VALUES(90,'1284-23','VanRyswyk Residence',770,'',NULL,'2023-12-27 00:00:00.000000',NULL,6,'Active',NULL,NULL,'admin','2024-07-13 00:00:00');
INSERT INTO design VALUES(91,'1285-23','Nichols Residence',260,'',NULL,'2023-12-27 00:00:00.000000',NULL,6,'Active',NULL,NULL,'admin','2024-07-13 00:00:00');
INSERT INTO design VALUES(92,'1282-23','Pedro Residence',1018,'',NULL,'2023-12-19 00:00:00.000000',NULL,8,'Active',NULL,NULL,'admin','2024-07-13 00:00:00');
INSERT INTO design VALUES(93,'1274-23','Mohr Duplex',596,'',NULL,'2023-12-06 00:00:00.000000',NULL,7,'Active',NULL,NULL,'admin','2024-07-13 00:00:00');
INSERT INTO design VALUES(94,'1275-23','Irlmeier Residence',61,'',NULL,'2023-12-06 00:00:00.000000',NULL,6,'Active',NULL,NULL,'admin','2024-07-13 00:00:00');
INSERT INTO design VALUES(95,'1270-23','Louscher Garage',770,'',NULL,'2023-11-30 00:00:00.000000',NULL,7,'Active',NULL,NULL,'admin','2024-07-13 00:00:00');
INSERT INTO design VALUES(96,'1271-23','Huey Residence',61,'',NULL,'2023-11-30 00:00:00.000000',NULL,7,'Active',NULL,NULL,'admin','2024-07-13 00:00:00');
INSERT INTO design VALUES(97,'1268-23','Sidman Garage Addition',770,'',NULL,'2023-11-28 00:00:00.000000',NULL,6,'Active',NULL,NULL,'admin','2024-07-13 00:00:00');
INSERT INTO design VALUES(98,'1266-23','Reetz Residence',100,'',NULL,'2023-11-20 00:00:00.000000',NULL,6,'Active',NULL,NULL,'admin','2024-07-13 00:00:00');
INSERT INTO design VALUES(99,'1265-23','Vanderwielen Res.',770,'','Kyle Hout','2023-11-16 00:00:00.000000',NULL,7,'Active',NULL,NULL,'admin','2024-07-13 00:00:00');
INSERT INTO design VALUES(100,'1257-23','Davis Addition',770,'8533 Hayes St','Mark Reetz/Craig Roberts','2023-10-20 00:00:00.000000',NULL,6,'Active',NULL,NULL,'admin','2024-07-13 00:00:00');
INSERT INTO design VALUES(101,'1254-23','2024 Homeshow Plan',853,'',NULL,'2023-10-17 00:00:00.000000',NULL,7,'Active',NULL,NULL,'admin','2024-07-13 00:00:00');
INSERT INTO design VALUES(102,'1253-23','The Grant',265,'809 Knoll Drive, Norwalk',NULL,'2023-10-16 00:00:00.000000',NULL,8,'Active',NULL,NULL,'admin','2024-07-13 00:00:00');
INSERT INTO design VALUES(103,'1244-23','',853,'',NULL,'2023-10-09 00:00:00.000000',NULL,7,'Active',NULL,NULL,'admin','2024-07-13 00:00:00');
INSERT INTO design VALUES(104,'1243-23','Ranch Plan',770,'Williams Residence','Candor Homes','2023-10-06 00:00:00.000000',NULL,7,'Bid Set',NULL,NULL,'admin','2024-07-13 00:00:00');
INSERT INTO design VALUES(105,'1239-23','Portzen Residence',770,'',NULL,'2023-10-02 00:00:00.000000',NULL,8,'Active',NULL,NULL,'admin','2024-07-13 00:00:00');
INSERT INTO design VALUES(106,'1240-23','Benton Cabin',61,'1952 Willow Ave, Thayer',NULL,'2023-10-02 00:00:00.000000',NULL,6,'Active',NULL,NULL,'admin','2024-07-13 00:00:00');
INSERT INTO design VALUES(107,'1241-23','Long Residence',770,'',NULL,'2023-10-02 00:00:00.000000',NULL,8,'Active',NULL,NULL,'admin','2024-07-13 00:00:00');
INSERT INTO design VALUES(108,'1227-23','Cook Pool House',770,'','Paradise Pools','2023-09-21 00:00:00.000000',NULL,8,'Active',NULL,NULL,'admin','2024-07-13 00:00:00');
INSERT INTO design VALUES(109,'1225-23','Sersland Residence',260,'',NULL,'2023-09-19 00:00:00.000000',NULL,6,'Active',NULL,NULL,'admin','2024-07-13 00:00:00');
INSERT INTO design VALUES(110,'1215-23','Kensington II',398,'3750 Fieldstone Dr.',NULL,'2023-08-31 00:00:00.000000',NULL,7,'Active',NULL,NULL,'admin','2024-07-13 00:00:00');
INSERT INTO design VALUES(111,'1214-23','',265,'',NULL,'2023-08-29 00:00:00.000000',NULL,8,'Active',NULL,NULL,'admin','2024-07-13 00:00:00');
INSERT INTO design VALUES(112,'1209-23','Goldner Residence',149,'',NULL,'2023-08-25 00:00:00.000000',NULL,8,'Active',NULL,NULL,'admin','2024-07-13 00:00:00');
INSERT INTO design VALUES(113,'1206-23','Brandon and Karlee',149,'',NULL,'2023-08-18 00:00:00.000000',NULL,6,'Active',NULL,NULL,'admin','2024-07-13 00:00:00');
INSERT INTO design VALUES(114,'1199-23','Elgin Plan',770,'4753 Hillsdale Dr.','Candor Homes','2023-08-11 00:00:00.000000',NULL,7,'Bid Set',NULL,NULL,'admin','2024-07-13 00:00:00');
INSERT INTO design VALUES(115,'1198-23','Bongyea Residence',770,'',NULL,'2023-08-09 00:00:00.000000',NULL,6,'Active',NULL,NULL,'admin','2024-07-13 00:00:00');
INSERT INTO design VALUES(116,'1193-23','Larson Residence',770,'','Meadowbrook Homes','2023-08-07 00:00:00.000000',NULL,6,'Active',NULL,NULL,'admin','2024-07-13 00:00:00');
INSERT INTO design VALUES(117,'1185-23','Kensington III',398,'',NULL,'2023-08-02 00:00:00.000000',NULL,6,'Active',NULL,NULL,'admin','2024-07-13 00:00:00');
INSERT INTO design VALUES(118,'1186-23','Olson Garage',770,'',NULL,'2023-08-02 00:00:00.000000',NULL,8,'Active',NULL,NULL,'admin','2024-07-13 00:00:00');
INSERT INTO design VALUES(119,'1188-23','Lee Residence',770,'',NULL,'2023-08-02 00:00:00.000000',NULL,7,'Active',NULL,NULL,'admin','2024-07-13 00:00:00');
INSERT INTO design VALUES(120,'1189-23','Covered Patio Addition',770,'','John Borts','2023-08-02 00:00:00.000000',NULL,8,'Active',NULL,NULL,'admin','2024-07-13 00:00:00');
INSERT INTO design VALUES(121,'1179-23','Platt Pool House',770,'29193 Woodland Hills Drive','Paradise Pools','2023-07-31 00:00:00.000000',NULL,8,'Active',NULL,NULL,'admin','2024-07-13 00:00:00');
INSERT INTO design VALUES(122,'1177-23','The Grace',265,'',NULL,'2023-07-27 00:00:00.000000',NULL,8,'Active',NULL,NULL,'admin','2024-07-13 00:00:00');
INSERT INTO design VALUES(123,'1176-23','Henrichsen Residence',689,'',NULL,'2023-07-25 00:00:00.000000',NULL,6,'Active',NULL,NULL,'admin','2024-07-13 00:00:00');
INSERT INTO design VALUES(124,'1175-23','',770,'6200 Oakwood Hills Drive',NULL,'2023-07-21 00:00:00.000000',NULL,8,'Active',NULL,NULL,'admin','2024-07-13 00:00:00');
INSERT INTO design VALUES(125,'1174-23','Ranch',770,'',NULL,'2023-07-20 00:00:00.000000',NULL,6,'Active',NULL,NULL,'admin','2024-07-13 00:00:00');
INSERT INTO design VALUES(126,'1173-23','Jackson Residence',770,'',NULL,'2023-07-19 00:00:00.000000',NULL,6,'Active',NULL,NULL,'admin','2024-07-13 00:00:00');
INSERT INTO design VALUES(127,'1166-23','Tigges Foundation',61,'',NULL,'2023-07-16 00:00:00.000000',NULL,6,'Active',NULL,NULL,'admin','2024-07-13 00:00:00');
INSERT INTO design VALUES(128,'1163-23','Redmond Spec',770,'',NULL,'2023-07-13 00:00:00.000000',NULL,8,'Active',NULL,NULL,'admin','2024-07-13 00:00:00');
INSERT INTO design VALUES(129,'1160-23','Saavedra Residence',770,'',NULL,'2023-07-12 00:00:00.000000',NULL,6,'Active',NULL,NULL,'admin','2024-07-13 00:00:00');
INSERT INTO design VALUES(130,'1157-23','Bunk House',770,'775 SE Walnut Ridge Dr','Jud Eastman','2023-07-06 00:00:00.000000',NULL,6,'Active',NULL,NULL,'admin','2024-07-13 00:00:00');
INSERT INTO design VALUES(131,'1158-23','Monterrey II-Garage LEFT',770,'',NULL,'2023-07-06 00:00:00.000000',NULL,6,'Active',NULL,NULL,'admin','2024-07-13 00:00:00');
INSERT INTO design VALUES(132,'1147-23','The Everest-Garage Right',215,'',NULL,'2023-06-20 00:00:00.000000',NULL,6,'Active',NULL,NULL,'admin','2024-07-13 00:00:00');
INSERT INTO design VALUES(133,'1137-23','Markus Addition',770,'',NULL,'2023-06-19 00:00:00.000000',NULL,6,'Active',NULL,NULL,'admin','2024-07-13 00:00:00');
INSERT INTO design VALUES(134,'1138-23','Reno Plan',455,'',NULL,'2023-06-19 00:00:00.000000',NULL,6,'Active',NULL,NULL,'admin','2024-07-13 00:00:00');
INSERT INTO design VALUES(135,'1139-23','Custom',770,'4174 NW 177th','Specialty Homebuilders','2023-06-19 00:00:00.000000',NULL,6,'Active',NULL,NULL,'admin','2024-07-13 00:00:00');
INSERT INTO design VALUES(136,'1140-23','Addition',770,'2721 NE Briarwood Ct','Reyes Siding','2023-06-19 00:00:00.000000',NULL,NULL,'Active',NULL,NULL,'admin','2024-07-13 00:00:00');
INSERT INTO design VALUES(137,'1141-23','Shed',739,'955 Fox Valley','Barry Pottinger','2023-06-19 00:00:00.000000',NULL,6,'Active',NULL,NULL,'admin','2024-07-13 00:00:00');
INSERT INTO design VALUES(138,'1142-23','Spec',770,'1302 NW Arbor Drive','Specialty Homebuilders','2023-06-19 00:00:00.000000',NULL,6,'Active',NULL,NULL,'admin','2024-07-13 00:00:00');
INSERT INTO design VALUES(139,'1143-23','Clubhouse',70,'',NULL,'2023-06-19 00:00:00.000000',NULL,6,'Active',NULL,NULL,'admin','2024-07-13 00:00:00');
INSERT INTO design VALUES(140,'1144-23','Grant II',265,'18246 Alpine Drive',NULL,'2023-06-19 00:00:00.000000',NULL,8,'Active',NULL,NULL,'admin','2024-07-13 00:00:00');
INSERT INTO design VALUES(141,'1145-23','Grant Plan',265,'1703 Silver Maple',NULL,'2023-06-19 00:00:00.000000',NULL,8,'Active',NULL,NULL,'admin','2024-07-13 00:00:00');
INSERT INTO design VALUES(142,'1146-23','The Grant II',265,'',NULL,'2023-06-19 00:00:00.000000',NULL,8,'Active',NULL,NULL,'admin','2024-07-13 00:00:00');
INSERT INTO design VALUES(143,'1130-23','Magnolia 1409',215,'',NULL,'2023-06-08 00:00:00.000000',NULL,6,'Active',NULL,NULL,'admin','2024-07-13 00:00:00');
INSERT INTO design VALUES(144,'1112-23','Heatherington Residence',770,'',NULL,'2023-05-18 00:00:00.000000',NULL,6,'Active',NULL,NULL,'admin','2024-07-13 00:00:00');
INSERT INTO design VALUES(145,'1113-23','McCoy Residence',770,'','Jeff Fanning','2023-05-18 00:00:00.000000',NULL,6,'Active',NULL,NULL,'admin','2024-07-13 00:00:00');
INSERT INTO design VALUES(146,'1106-23','Atkinson II',265,'',NULL,'2023-05-09 00:00:00.000000',NULL,8,'Active',NULL,NULL,'admin','2024-07-13 00:00:00');
INSERT INTO design VALUES(147,'1107-23','Habitat Duplex',770,'',NULL,'2023-05-09 00:00:00.000000',NULL,6,'Active',NULL,NULL,'admin','2024-07-13 00:00:00');
INSERT INTO design VALUES(148,'1095-23','Colocho Residence',770,'',NULL,'2023-04-28 00:00:00.000000',NULL,8,'Active',NULL,NULL,'admin','2024-07-13 00:00:00');
INSERT INTO design VALUES(149,'1096-23','Grant II',265,'18065 Alpine Drive',NULL,'2023-04-28 00:00:00.000000',NULL,8,'Active',NULL,NULL,'admin','2024-07-13 00:00:00');
INSERT INTO design VALUES(150,'1097-23','Grant II',265,'18053 Alpine Drive',NULL,'2023-04-28 00:00:00.000000',NULL,8,'Active',NULL,NULL,'admin','2024-07-13 00:00:00');
INSERT INTO design VALUES(151,'1093-23','Currie Addition',983,'',NULL,'2023-04-25 00:00:00.000000',NULL,6,'Active',NULL,NULL,'admin','2024-07-13 00:00:00');
INSERT INTO design VALUES(152,'1083-23','Habitat Duplex',770,'',NULL,'2023-04-17 00:00:00.000000',NULL,6,'Active',NULL,NULL,'admin','2024-07-13 00:00:00');
INSERT INTO design VALUES(153,'1086-23','Gaudineer Residence',1086,'',NULL,'2023-04-17 00:00:00.000000',NULL,7,'Active',NULL,NULL,'admin','2024-07-13 00:00:00');
INSERT INTO design VALUES(154,'1078-23','Euro Ranch Spec',149,'4659 180th Lot 15',NULL,'2023-04-14 00:00:00.000000',NULL,NULL,'Active',NULL,NULL,'admin','2024-07-13 00:00:00');
INSERT INTO design VALUES(155,'1076-23','2-Story',149,'80 NW Wilder Ct.',NULL,'2023-04-13 00:00:00.000000',NULL,6,'Active',NULL,NULL,'admin','2024-07-13 00:00:00');
INSERT INTO design VALUES(156,'1077-23','1917 Sq. Ft. Ranch',149,'70 NW Wilder Ct',NULL,'2023-04-13 00:00:00.000000',NULL,6,'Active',NULL,NULL,'admin','2024-07-13 00:00:00');
INSERT INTO design VALUES(157,'1072-23','Neff Outbuilding',149,'',NULL,'2023-04-01 00:00:00.000000',NULL,6,'Active',NULL,NULL,'admin','2024-07-13 00:00:00');
INSERT INTO design VALUES(158,'1071-23','Garage',586,'',NULL,'2023-03-30 00:00:00.000000',NULL,6,'Active',NULL,NULL,'admin','2024-07-13 00:00:00');
INSERT INTO design VALUES(159,'1070-23','Hollingshead Residence',70,'',NULL,'2023-03-28 00:00:00.000000',NULL,8,'Active',NULL,NULL,'admin','2024-07-13 00:00:00');
INSERT INTO design VALUES(160,'1061-23','Robinson Residence',61,'',NULL,'2023-03-22 00:00:00.000000',NULL,6,'Active',NULL,NULL,'admin','2024-07-13 00:00:00');
INSERT INTO design VALUES(161,'1054-23','',853,'',NULL,'2023-03-09 00:00:00.000000',NULL,7,'Active',NULL,NULL,'admin','2024-07-13 00:00:00');
INSERT INTO design VALUES(162,'1047-23','Wolfe Addition',202,'600 SE Southfork Drive',NULL,'2023-03-06 00:00:00.000000',NULL,NULL,'Active',NULL,NULL,'admin','2024-07-13 00:00:00');
INSERT INTO design VALUES(163,'1048-23','Addition',202,'3206 146th St, Urbandale',NULL,'2023-03-06 00:00:00.000000',NULL,NULL,'Active',NULL,NULL,'admin','2024-07-13 00:00:00');
INSERT INTO design VALUES(164,'1050-23','Jensen Residence',770,'','GM Construction','2023-03-06 00:00:00.000000',NULL,6,'Active',NULL,NULL,'admin','2024-07-13 00:00:00');
INSERT INTO design VALUES(165,'1051-23','Juarez Residence',770,'NE 32nd, Polk Co.',NULL,'2023-03-06 00:00:00.000000',NULL,NULL,'Active',NULL,NULL,'admin','2024-07-13 00:00:00');
INSERT INTO design VALUES(166,'1052-23','Ranch Spec',1067,'',NULL,'2023-03-06 00:00:00.000000',NULL,NULL,'Active',NULL,NULL,'admin','2024-07-13 00:00:00');
INSERT INTO design VALUES(167,'1053-23','Schlemmer Garage',770,'706 NE Castleton Ct.',NULL,'2023-03-06 00:00:00.000000',NULL,8,'Active',NULL,NULL,'admin','2024-07-13 00:00:00');
INSERT INTO design VALUES(168,'1038-23','Crumes Residence',770,'',NULL,'2023-02-20 00:00:00.000000',NULL,8,'Active',NULL,NULL,'admin','2024-07-13 00:00:00');
INSERT INTO design VALUES(169,'1035-23','Dettman Residence',770,'',NULL,'2023-02-14 00:00:00.000000',NULL,6,'Active',NULL,NULL,'admin','2024-07-13 00:00:00');
INSERT INTO design VALUES(170,'1036-23','Skold Addition',770,'',NULL,'2023-02-14 00:00:00.000000',NULL,NULL,'Active',NULL,NULL,'admin','2024-07-13 00:00:00');
INSERT INTO design VALUES(171,'1037-23','Campbell Addition',770,'307 NW 3rd St, Grimes',NULL,'2023-02-14 00:00:00.000000',NULL,8,'Active',NULL,NULL,'admin','2024-07-13 00:00:00');
INSERT INTO design VALUES(172,'1033-23','Juelsgaard Residence',61,'',NULL,'2023-02-13 00:00:00.000000',NULL,6,'Active',NULL,NULL,'admin','2024-07-13 00:00:00');
INSERT INTO design VALUES(173,'1032-23','2-Story Spec',543,'',NULL,'2023-02-10 00:00:00.000000',NULL,6,'Bid Set',NULL,NULL,'admin','2024-07-13 00:00:00');
INSERT INTO design VALUES(174,'1022-23','Weston Ranch',398,'',NULL,'2023-02-01 00:00:00.000000',NULL,NULL,'Active',NULL,NULL,'admin','2024-07-13 00:00:00');
INSERT INTO design VALUES(175,'1023-23','Ranch spec',770,'',NULL,'2023-02-01 00:00:00.000000',NULL,8,'Active',NULL,NULL,'admin','2024-07-13 00:00:00');
INSERT INTO design VALUES(176,'1024-23','Foltz Residence',398,'',NULL,'2023-02-01 00:00:00.000000',NULL,NULL,'Active',NULL,NULL,'admin','2024-07-13 00:00:00');
INSERT INTO design VALUES(177,'1025-23','Ranch Spec 2023',398,'',NULL,'2023-02-01 00:00:00.000000',NULL,NULL,'Active',NULL,NULL,'admin','2024-07-13 00:00:00');
INSERT INTO design VALUES(178,'1026-23','Suzanne Plan',254,'',NULL,'2023-02-01 00:00:00.000000',NULL,NULL,'Active',NULL,NULL,'admin','2024-07-13 00:00:00');
INSERT INTO design VALUES(179,'1027-23','Neff Residence',149,'',NULL,'2023-02-01 00:00:00.000000',NULL,NULL,'Active',NULL,NULL,'admin','2024-07-13 00:00:00');
INSERT INTO design VALUES(180,'1016-23','1.5 Story Spec',260,'',NULL,'2023-01-24 00:00:00.000000',NULL,6,'Active',NULL,NULL,'admin','2024-07-13 00:00:00');
INSERT INTO design VALUES(181,'1017-23','1.5 Story Spec',260,'',NULL,'2023-01-24 00:00:00.000000',NULL,6,'Active',NULL,NULL,'admin','2024-07-13 00:00:00');
INSERT INTO design VALUES(182,'1018-23','Heuton Residence',260,'',NULL,'2023-01-24 00:00:00.000000',NULL,6,'Active',NULL,NULL,'admin','2024-07-13 00:00:00');
INSERT INTO design VALUES(183,'1012-23','Cosgriff Ranch-Hip',149,'',NULL,'2023-01-20 00:00:00.000000',NULL,6,'Active',NULL,NULL,'admin','2024-07-13 00:00:00');
INSERT INTO design VALUES(184,'1007-23','Decker Remodel',173,'',NULL,'2023-01-11 00:00:00.000000',NULL,6,'Active',NULL,NULL,'admin','2024-07-13 00:00:00');
INSERT INTO design VALUES(185,'1268-22','Jankowski Residence',770,'','Titan Builders','2022-12-19 00:00:00.000000',NULL,8,'Active',NULL,NULL,'admin','2024-07-13 00:00:00');
INSERT INTO design VALUES(186,'1259-22','Jorgensen Residence',770,'','Eaton Construction','2022-11-28 00:00:00.000000',NULL,8,'Active',NULL,NULL,'admin','2024-07-13 00:00:00');
INSERT INTO design VALUES(187,'1261-22','Machamer Residence',770,'',NULL,'2022-11-28 00:00:00.000000',NULL,8,'Active',NULL,NULL,'admin','2024-07-13 00:00:00');
INSERT INTO design VALUES(188,'1258-22','Ranch Plan',770,'Haynes Residence','Candor Homes','2022-11-18 00:00:00.000000',NULL,7,'Active',NULL,NULL,'admin','2024-07-13 00:00:00');
INSERT INTO design VALUES(189,'1257-22','Small Ranch Spec',265,'4706 63rd Street',NULL,'2022-11-16 00:00:00.000000',NULL,8,'Active',NULL,NULL,'admin','2024-07-13 00:00:00');
INSERT INTO design VALUES(190,'1244-22','Addition',61,'',NULL,'2022-10-31 00:00:00.000000',NULL,6,'Active',NULL,NULL,'admin','2024-07-13 00:00:00');
INSERT INTO design VALUES(191,'1241-22','Chawla Addition',770,'5241 Woodland Ave','Dunlap Construction','2022-10-17 00:00:00.000000',NULL,8,'Active',NULL,NULL,'admin','2024-07-13 00:00:00');
INSERT INTO design VALUES(192,'1223-22','Cosgriff Ranch',149,'3917 NW 181st',NULL,'2022-09-26 00:00:00.000000',NULL,6,'Active',NULL,NULL,'admin','2024-07-13 00:00:00');
INSERT INTO design VALUES(193,'1224-22','Kappelmann Residence',770,'','Meadowbrook','2022-09-26 00:00:00.000000',NULL,8,'Active',NULL,NULL,'admin','2024-07-13 00:00:00');
INSERT INTO design VALUES(194,'1220-22','Ranch Plan',770,'','Candor Homes','2022-09-23 00:00:00.000000',NULL,7,'Active',NULL,NULL,'admin','2024-07-13 00:00:00');
INSERT INTO design VALUES(195,'1219-22','Harrison Addition',996,'3427 NW 75th Place',NULL,'2022-09-21 00:00:00.000000',NULL,6,'Active',NULL,NULL,'admin','2024-07-13 00:00:00');
INSERT INTO design VALUES(196,'1216-22','Cosgriff Ranch',149,'508 Deer Haven',NULL,'2022-09-15 00:00:00.000000',NULL,6,'Active',NULL,NULL,'admin','2024-07-13 00:00:00');
INSERT INTO design VALUES(197,'1207-22','Grant II',265,'18236 Alpine',NULL,'2022-09-12 00:00:00.000000',NULL,8,'Active',NULL,NULL,'admin','2024-07-13 00:00:00');
INSERT INTO design VALUES(198,'1208-22','Grant II',265,'18077 Alpine Drive',NULL,'2022-09-12 00:00:00.000000',NULL,8,'Active',NULL,NULL,'admin','2024-07-13 00:00:00');
INSERT INTO design VALUES(199,'1190-22','Wells Residence',770,'','Next Level/Shannon','2022-08-12 00:00:00.000000',NULL,6,'Active',NULL,NULL,'admin','2024-07-13 00:00:00');
INSERT INTO design VALUES(200,'1191-22','Boock Residence',61,'',NULL,'2022-08-12 00:00:00.000000',NULL,6,'Active',NULL,NULL,'admin','2024-07-13 00:00:00');
INSERT INTO design VALUES(201,'1171-22','Cosgriff Duplex 3 Bed',149,'',NULL,'2022-07-31 00:00:00.000000',NULL,6,'Active',NULL,NULL,'admin','2024-07-13 00:00:00');
INSERT INTO design VALUES(202,'1162-22','Klinefelter Garage',54,'',NULL,'2022-07-14 00:00:00.000000',NULL,6,'Active',NULL,NULL,'admin','2024-07-13 00:00:00');
INSERT INTO design VALUES(203,'1159-22','Remodel Plan',770,'610 S 26th St.','BLC Projects','2022-06-30 00:00:00.000000',NULL,7,'Active',NULL,NULL,'admin','2024-07-13 00:00:00');
INSERT INTO design VALUES(204,'1156-22','Fremont II Plan',265,'1033 Westridge St SW Bondurant',NULL,'2022-06-24 00:00:00.000000',NULL,8,'Active',NULL,NULL,'admin','2024-07-13 00:00:00');
INSERT INTO design VALUES(205,'1157-22','Grant Plan',265,'1013 Westridge St SW Bondurant',NULL,'2022-06-24 00:00:00.000000',NULL,8,'Active',NULL,NULL,'admin','2024-07-13 00:00:00');
INSERT INTO design VALUES(206,'1152-22','Stine Addition',1021,'',NULL,'2022-06-21 00:00:00.000000',NULL,6,'Active',NULL,NULL,'admin','2024-07-13 00:00:00');
INSERT INTO design VALUES(207,'1144-22','The Stryker',770,'7807 SE 2nd St.',NULL,'2022-06-01 00:00:00.000000',NULL,6,'Active',NULL,NULL,'admin','2024-07-13 00:00:00');
INSERT INTO design VALUES(208,'1133-22','Cosgriff Duplex',149,'',NULL,'2022-05-14 00:00:00.000000',NULL,6,'Active',NULL,NULL,'admin','2024-07-13 00:00:00');
INSERT INTO design VALUES(209,'1122-22','Redmond spec',770,'',NULL,'2022-04-25 00:00:00.000000',NULL,8,'Active',NULL,NULL,'admin','2024-07-13 00:00:00');
INSERT INTO design VALUES(210,'1113-22','The Grant-Master',265,'',NULL,'2022-04-21 00:00:00.000000',NULL,8,'Active',NULL,NULL,'admin','2024-07-13 00:00:00');
INSERT INTO design VALUES(211,'1105-22','The Franklin',265,'2104 Timberview Drive',NULL,'2022-04-12 00:00:00.000000',NULL,8,'Active',NULL,NULL,'admin','2024-07-13 00:00:00');
INSERT INTO design VALUES(212,'1098-22','Royce Plan',265,'',NULL,'2022-04-06 00:00:00.000000',NULL,8,'Active',NULL,NULL,'admin','2024-07-13 00:00:00');
INSERT INTO design VALUES(213,'1099-22','Truman Plan',265,'',NULL,'2022-04-06 00:00:00.000000',NULL,8,'Active',NULL,NULL,'admin','2024-07-13 00:00:00');
INSERT INTO design VALUES(214,'1095-22','Wahl Addition',770,'',NULL,'2022-03-30 00:00:00.000000',NULL,6,'Bid Set',NULL,NULL,'admin','2024-07-13 00:00:00');
INSERT INTO design VALUES(215,'1079-22','Crimmins Addition',770,'1707 3rd Ave N, Fort Dodge',NULL,'2022-03-16 00:00:00.000000',NULL,6,'Bid Set',NULL,NULL,'admin','2024-07-13 00:00:00');
INSERT INTO design VALUES(216,'1057-22','Scott Residence',330,'',NULL,'2022-02-22 00:00:00.000000',NULL,8,'Bid Set',NULL,NULL,'admin','2024-07-13 00:00:00');
INSERT INTO design VALUES(217,'1044-22','Wilton Spec',398,'10847 NW 111th Ave',NULL,'2022-02-10 00:00:00.000000',NULL,6,'Bid Set',NULL,NULL,'admin','2024-07-13 00:00:00');
INSERT INTO design VALUES(218,'1334-21','Reiter Residence',398,'',NULL,'2021-12-22 00:00:00.000000',NULL,7,'Bid Set',NULL,NULL,'admin','2024-07-13 00:00:00');
INSERT INTO design VALUES(219,'1335-21','Holmes Residence',770,'','Dan Lee','2021-12-22 00:00:00.000000',NULL,6,'Active',NULL,NULL,'admin','2024-07-13 00:00:00');
INSERT INTO design VALUES(220,'1336-21','The Duke-small',254,'',NULL,'2021-12-22 00:00:00.000000',NULL,6,'Active',NULL,NULL,'admin','2024-07-13 00:00:00');
INSERT INTO design VALUES(221,'1337-21','Wallace Residence',668,'603 S Haley St.',NULL,'2021-12-22 00:00:00.000000',NULL,7,'Active',NULL,NULL,'admin','2024-07-13 00:00:00');
INSERT INTO design VALUES(222,'1328-21','Ranch Spec',398,'',NULL,'2021-12-21 00:00:00.000000',NULL,6,'Active',NULL,NULL,'admin','2024-07-13 00:00:00');
INSERT INTO design VALUES(223,'1329-21','Custom Ranch',398,'3470 Fieldstone Dr',NULL,'2021-12-21 00:00:00.000000',NULL,6,'Active',NULL,NULL,'admin','2024-07-13 00:00:00');
INSERT INTO design VALUES(224,'1330-21','Thomas Addition',770,'501 Benton St. Slater',NULL,'2021-12-21 00:00:00.000000',NULL,8,'Active',NULL,NULL,'admin','2024-07-13 00:00:00');
INSERT INTO design VALUES(225,'1331-21','Smith Residence',196,'3315 144th Ct, Cumming',NULL,'2021-12-21 00:00:00.000000',NULL,7,'Bid Set',NULL,NULL,'admin','2024-07-13 00:00:00');
INSERT INTO design VALUES(226,'1287-21','Stover Spec',145,'',NULL,'2021-11-04 00:00:00.000000',NULL,7,'Bid Set',NULL,NULL,'admin','2024-07-13 00:00:00');
INSERT INTO design VALUES(227,'1295-21','Deich Residence',398,'',NULL,'2021-11-04 00:00:00.000000',NULL,6,'Active',NULL,NULL,'admin','2024-07-13 00:00:00');
INSERT INTO design VALUES(228,'1257-21','Autumn Crest Townhomes',398,'',NULL,'2021-09-23 00:00:00.000000',NULL,6,'Active',NULL,NULL,'admin','2024-07-13 00:00:00');
INSERT INTO design VALUES(229,'1195-21','Johnson Residence',215,'2298 260th St, Adel',NULL,'2021-06-15 00:00:00.000000',NULL,6,'Active',NULL,NULL,'admin','2024-07-13 00:00:00');
INSERT INTO design VALUES(230,'1178-21','Ranch',149,'Lot 10',NULL,'2021-05-24 00:00:00.000000',NULL,6,'Active',NULL,NULL,'admin','2024-07-13 00:00:00');
INSERT INTO design VALUES(231,'1182-21','Coons garage addition',770,'12705 NW 142nd, Madrid',NULL,'2021-05-24 00:00:00.000000',NULL,8,'Bid Set',NULL,NULL,'admin','2024-07-13 00:00:00');
INSERT INTO design VALUES(232,'1175-21','Beaverdale Spec',149,'',NULL,'2021-05-21 00:00:00.000000',NULL,6,'Active',NULL,NULL,'admin','2024-07-13 00:00:00');
INSERT INTO design VALUES(233,'1152-21','Schmidt Rec Space',770,'','James Utterbach','2021-04-19 00:00:00.000000',NULL,7,'Bid Set',NULL,NULL,'admin','2024-07-13 00:00:00');
INSERT INTO design VALUES(234,'1127-21','Cosgriff 2-Story',149,'15410 Springbrook Trl',NULL,'2021-03-29 00:00:00.000000',NULL,6,'Bid Set',NULL,NULL,'admin','2024-07-13 00:00:00');
INSERT INTO design VALUES(235,'1116-21','Christy Residence',770,'',NULL,'2021-03-25 00:00:00.000000',NULL,7,'Active',NULL,NULL,'admin','2024-07-13 00:00:00');
INSERT INTO design VALUES(236,'1098-21','',149,'',NULL,'2021-03-10 00:00:00.000000',NULL,6,'Active',NULL,NULL,'admin','2024-07-13 00:00:00');
INSERT INTO design VALUES(237,'1086-21','',149,'',NULL,'2021-03-02 00:00:00.000000',NULL,6,'Active',NULL,NULL,'admin','2024-07-13 00:00:00');
INSERT INTO design VALUES(238,'1073-21','Coriander Plan',853,'',NULL,'2021-02-23 00:00:00.000000',NULL,7,'Active',NULL,NULL,'admin','2024-07-13 00:00:00');
INSERT INTO design VALUES(239,'1041-21','Oswald Residence',61,'',NULL,'2021-02-03 00:00:00.000000',NULL,6,'Bid Set',NULL,NULL,'admin','2024-07-13 00:00:00');
INSERT INTO design VALUES(240,'1032-21','Lampe Garage',770,'',NULL,'2021-01-30 00:00:00.000000',NULL,6,'Bid Set',NULL,NULL,'admin','2024-07-13 00:00:00');
INSERT INTO design VALUES(241,'1033-21','Hogan Residence',770,'','Marc McCartney','2021-01-30 00:00:00.000000',NULL,6,'Bid Set',NULL,NULL,'admin','2024-07-13 00:00:00');
INSERT INTO design VALUES(242,'1035-21','O''Leary Garage',642,'',NULL,'2021-01-30 00:00:00.000000',NULL,6,'Bid Set',NULL,NULL,'admin','2024-07-13 00:00:00');
INSERT INTO design VALUES(243,'1037-21','Bacon Residence',770,'',NULL,'2021-01-30 00:00:00.000000',NULL,6,'Bid Set',NULL,NULL,'admin','2024-07-13 00:00:00');
INSERT INTO design VALUES(244,'1014-21','Rechkemmer Remodel',1131,'',NULL,'2021-01-18 00:00:00.000000',NULL,6,'Bid Set',NULL,NULL,'admin','2024-07-13 00:00:00');
INSERT INTO design VALUES(245,'1379-20','Ranch',149,'',NULL,'2020-12-04 00:00:00.000000',NULL,3,'Active',NULL,NULL,'admin','2024-07-13 00:00:00');
INSERT INTO design VALUES(246,'1374-20','Boston BTO',455,'',NULL,'2020-12-02 00:00:00.000000',NULL,6,'Active',NULL,NULL,'admin','2024-07-13 00:00:00');
INSERT INTO design VALUES(247,'1369-20','Cosgriff Ranch',149,'',NULL,'2020-11-24 00:00:00.000000',NULL,6,'Active',NULL,NULL,'admin','2024-07-13 00:00:00');
INSERT INTO design VALUES(248,'1364-20','Duplex plan',455,'',NULL,'2020-11-23 00:00:00.000000',NULL,6,'Active',NULL,NULL,'admin','2024-07-13 00:00:00');
INSERT INTO design VALUES(249,'1356-20','Gass Residence',108,'',NULL,'2020-11-13 00:00:00.000000',NULL,6,'Active',NULL,NULL,'admin','2024-07-13 00:00:00');
INSERT INTO design VALUES(250,'1355-20','Stann Residence',398,'',NULL,'2020-11-12 00:00:00.000000',NULL,6,'Active',NULL,NULL,'admin','2024-07-13 00:00:00');
INSERT INTO design VALUES(251,'1353-20','Benton Small Ranch',61,'',NULL,'2020-11-11 00:00:00.000000',NULL,6,'Active',NULL,NULL,'admin','2024-07-13 00:00:00');
INSERT INTO design VALUES(252,'1354-20','',398,'',NULL,'2020-11-11 00:00:00.000000',NULL,6,'Active',NULL,NULL,'admin','2024-07-13 00:00:00');
INSERT INTO design VALUES(253,'1348-20','Spruce Plan',215,'',NULL,'2020-11-04 00:00:00.000000',NULL,7,'Active',NULL,NULL,'admin','2024-07-13 00:00:00');
INSERT INTO design VALUES(254,'1331-20','Venture Ranch',770,'',NULL,'2020-10-15 00:00:00.000000',NULL,3,'Active',NULL,NULL,'admin','2024-07-13 00:00:00');
INSERT INTO design VALUES(255,'1328-20','Ranch',260,'10309 Hidden Vallley Dr',NULL,'2020-10-14 00:00:00.000000',NULL,6,'Active',NULL,NULL,'admin','2024-07-13 00:00:00');
INSERT INTO design VALUES(256,'1325-20','Boston Plan',455,'5905 NE Sherman',NULL,'2020-10-13 00:00:00.000000',NULL,6,'Active',NULL,NULL,'admin','2024-07-13 00:00:00');
INSERT INTO design VALUES(257,'1324-20','Wistrom II',770,'',NULL,'2020-10-09 00:00:00.000000',NULL,6,'Active',NULL,NULL,'admin','2024-07-13 00:00:00');
INSERT INTO design VALUES(258,'1308-20','Cosgriff',149,'',NULL,'2020-09-28 00:00:00.000000',NULL,6,'Active',NULL,NULL,'admin','2024-07-13 00:00:00');
INSERT INTO design VALUES(259,'1309-20','Cosgriff',149,'2303 Cedar',NULL,'2020-09-28 00:00:00.000000',NULL,3,'Active',NULL,NULL,'admin','2024-07-13 00:00:00');
INSERT INTO design VALUES(260,'1310-20','Cosgriff',149,'2305 Cedar',NULL,'2020-09-28 00:00:00.000000',NULL,3,'Active',NULL,NULL,'admin','2024-07-13 00:00:00');
INSERT INTO design VALUES(261,'1312-20','Cosgriff',149,'405 Oxford',NULL,'2020-09-28 00:00:00.000000',NULL,3,'Active',NULL,NULL,'admin','2024-07-13 00:00:00');
INSERT INTO design VALUES(262,'1313-20','Cosgriff',149,'9022 Berry Place',NULL,'2020-09-28 00:00:00.000000',NULL,3,'Active',NULL,NULL,'admin','2024-07-13 00:00:00');
INSERT INTO design VALUES(263,'1314-20','Cosgriff',149,'9014 Berry Place',NULL,'2020-09-28 00:00:00.000000',NULL,3,'Active',NULL,NULL,'admin','2024-07-13 00:00:00');
INSERT INTO design VALUES(264,'1315-20','MacKenzie Addition',770,'2803 47th St',NULL,'2020-09-28 00:00:00.000000',NULL,6,'Active',NULL,NULL,'admin','2024-07-13 00:00:00');
INSERT INTO design VALUES(265,'1317-20','Alley Load Ranch',586,'',NULL,'2020-09-28 00:00:00.000000',NULL,6,'Active',NULL,NULL,'admin','2024-07-13 00:00:00');
INSERT INTO design VALUES(266,'1294-20','Cosgriff 147th Ranch',149,'147th St',NULL,'2020-09-16 00:00:00.000000',NULL,3,'Active',NULL,NULL,'admin','2024-07-13 00:00:00');
INSERT INTO design VALUES(267,'1295-20','Cosgriff ranch',149,'1311 NW Shoreline Ct, Ankeny',NULL,'2020-09-16 00:00:00.000000',NULL,3,'Active',NULL,NULL,'admin','2024-07-13 00:00:00');
INSERT INTO design VALUES(268,'1293-20','Ledgewood BTO',455,'5415 NW 17th St, Ankeny',NULL,'2020-09-15 00:00:00.000000',NULL,7,'Active',NULL,NULL,'admin','2024-07-13 00:00:00');
INSERT INTO design VALUES(269,'1288-20','The David',398,'',NULL,'2020-09-14 00:00:00.000000',NULL,6,'Active',NULL,NULL,'admin','2024-07-13 00:00:00');
INSERT INTO design VALUES(270,'1289-20','The Daniel',398,'',NULL,'2020-09-14 00:00:00.000000',NULL,6,'Active',NULL,NULL,'admin','2024-07-13 00:00:00');
INSERT INTO design VALUES(271,'1290-20','The James',398,'',NULL,'2020-09-14 00:00:00.000000',NULL,6,'Active',NULL,NULL,'admin','2024-07-13 00:00:00');
INSERT INTO design VALUES(272,'1286-20','1.5 Story',260,'10300 Hidden Valley Dr',NULL,'2020-09-10 00:00:00.000000',NULL,6,'Active',NULL,NULL,'admin','2024-07-13 00:00:00');
INSERT INTO design VALUES(273,'1274-20','Johnson Residence',770,'','Candor Homes','2020-09-08 00:00:00.000000',NULL,7,'Active',NULL,NULL,'admin','2024-07-13 00:00:00');
INSERT INTO design VALUES(274,'1276-20','1 1/2 Story Plan',853,'',NULL,'2020-09-08 00:00:00.000000',NULL,7,'Active',NULL,NULL,'admin','2024-07-13 00:00:00');
INSERT INTO design VALUES(275,'1279-20','Anderson Ranch',455,'Lot 7',NULL,'2020-09-08 00:00:00.000000',NULL,6,'Active',NULL,NULL,'admin','2024-07-13 00:00:00');
INSERT INTO design VALUES(276,'1280-20','Shadow Creek Spec',138,'',NULL,'2020-09-08 00:00:00.000000',NULL,3,'Active',NULL,NULL,'admin','2024-07-13 00:00:00');
INSERT INTO design VALUES(277,'1281-20','Johnson Residence',356,'',NULL,'2020-09-08 00:00:00.000000',NULL,6,'Active',NULL,NULL,'admin','2024-07-13 00:00:00');
INSERT INTO design VALUES(278,'1283-20','1945 Plan',108,'',NULL,'2020-09-08 00:00:00.000000',NULL,6,'Active',NULL,NULL,'admin','2024-07-13 00:00:00');
INSERT INTO design VALUES(279,'1284-20','Pistillo Plan',108,'',NULL,'2020-09-08 00:00:00.000000',NULL,7,'Active',NULL,NULL,'admin','2024-07-13 00:00:00');
INSERT INTO design VALUES(280,'1285-20','Matysik Residence',108,'',NULL,'2020-09-08 00:00:00.000000',NULL,6,'Active',NULL,NULL,'admin','2024-07-13 00:00:00');
INSERT INTO design VALUES(281,'1272-20','Peppermint Plan',853,'',NULL,'2020-09-03 00:00:00.000000',NULL,7,'Bid Set',NULL,NULL,'admin','2024-07-13 00:00:00');
INSERT INTO design VALUES(282,'1270-20','Reno Plan',455,'',NULL,'2020-09-02 00:00:00.000000',NULL,7,'Active',NULL,NULL,'admin','2024-07-13 00:00:00');
INSERT INTO design VALUES(283,'1268-20','Barn Plan',78,'',NULL,'2020-08-27 00:00:00.000000',NULL,7,'Active',NULL,NULL,'admin','2024-07-13 00:00:00');
INSERT INTO design VALUES(284,'1269-20','2 Story Plan',215,'',NULL,'2020-08-27 00:00:00.000000',NULL,7,'Active',NULL,NULL,'admin','2024-07-13 00:00:00');
INSERT INTO design VALUES(285,'1264-20','Ranch spec',10,'',NULL,'2020-08-24 00:00:00.000000',NULL,6,'Active',NULL,NULL,'admin','2024-07-13 00:00:00');
INSERT INTO design VALUES(286,'1258-20','Reno Plan',455,'',NULL,'2020-08-21 00:00:00.000000',NULL,7,'Active',NULL,NULL,'admin','2024-07-13 00:00:00');
INSERT INTO design VALUES(287,'1261-20','',586,'1208 NE Tuscany',NULL,'2020-08-21 00:00:00.000000',NULL,6,'Active',NULL,NULL,'admin','2024-07-13 00:00:00');
INSERT INTO design VALUES(288,'1262-20','Heirloom Plan',398,'',NULL,'2020-08-21 00:00:00.000000',NULL,6,'Active',NULL,NULL,'admin','2024-07-13 00:00:00');
INSERT INTO design VALUES(289,'1253-20','Bayberry Plan',853,'Altoona',NULL,'2020-08-20 00:00:00.000000',NULL,7,'Active',NULL,NULL,'admin','2024-07-13 00:00:00');
INSERT INTO design VALUES(290,'1246-20','Braga',81,'',NULL,'2020-08-11 00:00:00.000000',NULL,3,'Active',NULL,NULL,'admin','2024-07-13 00:00:00');
INSERT INTO design VALUES(291,'1238-20','Lindner Residence',586,'',NULL,'2020-08-10 00:00:00.000000',NULL,6,'Active',NULL,NULL,'admin','2024-07-13 00:00:00');
INSERT INTO design VALUES(292,'1239-20','Conlon Residence',770,'',NULL,'2020-08-10 00:00:00.000000',NULL,6,'Active',NULL,NULL,'admin','2024-07-13 00:00:00');
INSERT INTO design VALUES(293,'1240-20','Newell Residence',770,'',NULL,'2020-08-10 00:00:00.000000',NULL,7,'Active',NULL,NULL,'admin','2024-07-13 00:00:00');
INSERT INTO design VALUES(294,'1241-20','',770,'',NULL,'2020-08-10 00:00:00.000000',NULL,6,'Active',NULL,NULL,'admin','2024-07-13 00:00:00');
INSERT INTO design VALUES(295,'1242-20','Hillmer Addition',337,'',NULL,'2020-08-10 00:00:00.000000',NULL,6,'Active',NULL,NULL,'admin','2024-07-13 00:00:00');
INSERT INTO design VALUES(296,'1243-20','Covered Deck Addition',770,'',NULL,'2020-08-10 00:00:00.000000',NULL,6,'Active',NULL,NULL,'admin','2024-07-13 00:00:00');
INSERT INTO design VALUES(297,'1245-20','Boston Plan',455,'1011 NW Mills Court, Ankeny',NULL,'2020-08-10 00:00:00.000000',NULL,6,'Active',NULL,NULL,'admin','2024-07-13 00:00:00');
INSERT INTO design VALUES(298,'1235-20','Hawthorn Plan',853,'1434 19th St SE',NULL,'2020-08-06 00:00:00.000000',NULL,7,'Active',NULL,NULL,'admin','2024-07-13 00:00:00');
INSERT INTO design VALUES(299,'1230-20','Snook Residence',398,'',NULL,'2020-08-03 00:00:00.000000',NULL,6,'Active',NULL,NULL,'admin','2024-07-13 00:00:00');
INSERT INTO design VALUES(300,'1229-20','McPhail Residence',108,'',NULL,'2020-07-30 00:00:00.000000',NULL,7,'Bid Set',NULL,NULL,'admin','2024-07-13 00:00:00');
INSERT INTO design VALUES(301,'1213-20','Daisy Plan',853,'2006 NW Greenwood Ct.',NULL,'2020-07-20 00:00:00.000000',NULL,7,'Active',NULL,NULL,'admin','2024-07-13 00:00:00');
INSERT INTO design VALUES(302,'1215-20','',70,'',NULL,'2020-07-20 00:00:00.000000',NULL,3,'Active',NULL,NULL,'admin','2024-07-13 00:00:00');
INSERT INTO design VALUES(303,'1216-20','Suren Plan',770,'','Chris Wiemann','2020-07-20 00:00:00.000000',NULL,3,'Active',NULL,NULL,'admin','2024-07-13 00:00:00');
INSERT INTO design VALUES(304,'1217-20','Fanning Deck',1027,'',NULL,'2020-07-20 00:00:00.000000',NULL,6,'Active',NULL,NULL,'admin','2024-07-13 00:00:00');
INSERT INTO design VALUES(305,'1218-20','Fuhs Residence',884,'',NULL,'2020-07-20 00:00:00.000000',NULL,6,'Active',NULL,NULL,'admin','2024-07-13 00:00:00');
INSERT INTO design VALUES(306,'1220-20','Beattie Residence',61,'',NULL,'2020-07-20 00:00:00.000000',NULL,6,'Active',NULL,NULL,'admin','2024-07-13 00:00:00');
INSERT INTO design VALUES(307,'1208-20','Booth Residence',260,'',NULL,'2020-07-17 00:00:00.000000',NULL,3,'Active',NULL,NULL,'admin','2024-07-13 00:00:00');
INSERT INTO design VALUES(308,'1201-20','Heuton Residence',260,'',NULL,'2020-07-14 00:00:00.000000',NULL,6,'Active',NULL,NULL,'admin','2024-07-13 00:00:00');
INSERT INTO design VALUES(309,'1202-20','William III',398,'',NULL,'2020-07-14 00:00:00.000000',NULL,6,'Active',NULL,NULL,'admin','2024-07-13 00:00:00');
INSERT INTO design VALUES(310,'1203-20','Cypress Plan',853,'1420 NW 29th St',NULL,'2020-07-14 00:00:00.000000',NULL,7,'Active',NULL,NULL,'admin','2024-07-13 00:00:00');
INSERT INTO design VALUES(311,'1200-20','Rostermundt',108,'','Nick B','2020-07-11 00:00:00.000000',NULL,7,'Active',NULL,NULL,'admin','2024-07-13 00:00:00');
INSERT INTO design VALUES(312,'1199-20','Magnolia Plan',853,'1850 Walters Brothers Rd',NULL,'2020-07-10 00:00:00.000000',NULL,7,'Active',NULL,NULL,'admin','2024-07-13 00:00:00');
INSERT INTO design VALUES(313,'1196-20','Harrington Addition',496,'',NULL,'2020-07-08 00:00:00.000000',NULL,6,'Active',NULL,NULL,'admin','2024-07-13 00:00:00');
INSERT INTO design VALUES(314,'1195-20','Addition Plan',50,'7256 NW 100th','Brandon Corrigan','2020-07-07 00:00:00.000000',NULL,7,'Active',NULL,NULL,'admin','2024-07-13 00:00:00');
INSERT INTO design VALUES(315,'1193-20','Terry Addition',770,'15305 Oakwood Dr',NULL,'2020-07-02 00:00:00.000000',NULL,6,'Active',NULL,NULL,'admin','2024-07-13 00:00:00');
INSERT INTO design VALUES(316,'1194-20','Klobassa Residence',770,'',NULL,'2020-07-02 00:00:00.000000',NULL,3,'Active',NULL,NULL,'admin','2024-07-13 00:00:00');
INSERT INTO design VALUES(317,'1184-20','Whitty Sunroom Addition',770,'',NULL,'2020-06-26 00:00:00.000000',NULL,6,'Active',NULL,NULL,'admin','2024-07-13 00:00:00');
INSERT INTO design VALUES(318,'1183-20','Ranch Spec',260,'10308 Hidden Valley Drive',NULL,'2020-06-25 00:00:00.000000',NULL,6,'Active',NULL,NULL,'admin','2024-07-13 00:00:00');
INSERT INTO design VALUES(319,'1177-20','Nordquist Plan',770,'','Nick Bussanmas','2020-06-22 00:00:00.000000',NULL,6,'Active',NULL,NULL,'admin','2024-07-13 00:00:00');
INSERT INTO design VALUES(320,'1179-20','Linden Plan',853,'N 36th St., Cummings',NULL,'2020-06-22 00:00:00.000000',NULL,7,'Active',NULL,NULL,'admin','2024-07-13 00:00:00');
INSERT INTO design VALUES(321,'1176-20','Cosgriff Small Ranch',149,'',NULL,'2020-06-19 00:00:00.000000',NULL,6,'Active',NULL,NULL,'admin','2024-07-13 00:00:00');
INSERT INTO design VALUES(322,'1174-20','2 Story Plan',770,'','Candor Homes','2020-06-16 00:00:00.000000',NULL,7,'Bid Set',NULL,NULL,'admin','2024-07-13 00:00:00');
INSERT INTO design VALUES(323,'1175-20','The Margot',398,'',NULL,'2020-06-16 00:00:00.000000',NULL,6,'Active',NULL,NULL,'admin','2024-07-13 00:00:00');
INSERT INTO design VALUES(324,'1170-20','Bissell Residence',770,'',NULL,'2020-06-15 00:00:00.000000',NULL,3,'Active',NULL,NULL,'admin','2024-07-13 00:00:00');
INSERT INTO design VALUES(325,'1169-20','28 Foster',496,'',NULL,'2020-06-14 00:00:00.000000',NULL,6,'Active',NULL,NULL,'admin','2024-07-13 00:00:00');
INSERT INTO design VALUES(326,'1168-20','Dayton Residence',770,'','T&E','2020-06-12 00:00:00.000000',NULL,6,'Active',NULL,NULL,'admin','2024-07-13 00:00:00');
INSERT INTO design VALUES(327,'1167-20','Talley Lower Level Finish',770,'','Jeff Fanning','2020-06-11 00:00:00.000000',NULL,6,'Active',NULL,NULL,'admin','2024-07-13 00:00:00');
INSERT INTO design VALUES(328,'1166-20','Midtlyng Residence',260,'',NULL,'2020-06-10 00:00:00.000000',NULL,6,'Active',NULL,NULL,'admin','2024-07-13 00:00:00');
INSERT INTO design VALUES(329,'1160-20','Loffredo Residence',770,'',NULL,'2020-06-09 00:00:00.000000',NULL,6,'Active',NULL,NULL,'admin','2024-07-13 00:00:00');
INSERT INTO design VALUES(330,'1165-20','',271,'',NULL,'2020-06-09 00:00:00.000000',NULL,6,'Active',NULL,NULL,'admin','2024-07-13 00:00:00');
INSERT INTO design VALUES(331,'1151-20','Gardner Ranch',254,'',NULL,'2020-06-04 00:00:00.000000',NULL,3,'Active',NULL,NULL,'admin','2024-07-13 00:00:00');
INSERT INTO design VALUES(332,'1152-20','Gardner 2 Story',254,'',NULL,'2020-06-04 00:00:00.000000',NULL,3,'Active',NULL,NULL,'admin','2024-07-13 00:00:00');
INSERT INTO design VALUES(333,'1154-20','Cosgriff Addition',770,'',NULL,'2020-06-04 00:00:00.000000',NULL,6,'Active',NULL,NULL,'admin','2024-07-13 00:00:00');
INSERT INTO design VALUES(334,'1150-20','Kensington III',398,'',NULL,'2020-06-03 00:00:00.000000',NULL,6,'Active',NULL,NULL,'admin','2024-07-13 00:00:00');
INSERT INTO design VALUES(335,'1148-20','Richardson Deck/Porch',770,'9417 Monroe Ct.',NULL,'2020-06-02 00:00:00.000000',NULL,3,'Active',NULL,NULL,'admin','2024-07-13 00:00:00');
INSERT INTO design VALUES(336,'1147-20','Juarez Addition',770,'',NULL,'2020-06-01 00:00:00.000000',NULL,6,'Active',NULL,NULL,'admin','2024-07-13 00:00:00');
INSERT INTO design VALUES(337,'1138-20','Braga Pool House',81,'17712 Baxter Ct',NULL,'2020-05-20 00:00:00.000000',NULL,3,'Active',NULL,NULL,'admin','2024-07-13 00:00:00');
INSERT INTO design VALUES(338,'1131-20','Morris Residence',770,'',NULL,'2020-05-13 00:00:00.000000',NULL,3,'Active',NULL,NULL,'admin','2024-07-13 00:00:00');
INSERT INTO design VALUES(339,'1126-20','Kearney Residence',770,'',NULL,'2020-05-12 00:00:00.000000',NULL,3,'Active',NULL,NULL,'admin','2024-07-13 00:00:00');
INSERT INTO design VALUES(340,'1123-20','',770,'',NULL,'2020-05-08 00:00:00.000000',NULL,3,'Active',NULL,NULL,'admin','2024-07-13 00:00:00');
INSERT INTO design VALUES(341,'1122-20','180 Redesign',496,'180 37th St, DSM',NULL,'2020-05-07 00:00:00.000000',NULL,6,'Active',NULL,NULL,'admin','2024-07-13 00:00:00');
INSERT INTO design VALUES(342,'1119-20','Ranch Spec',260,'10009 Hidden Valley',NULL,'2020-05-05 00:00:00.000000',NULL,6,'Active',NULL,NULL,'admin','2024-07-13 00:00:00');
INSERT INTO design VALUES(343,'1113-20','Walter Residence',770,'',NULL,'2020-05-01 00:00:00.000000',NULL,3,'Active',NULL,NULL,'admin','2024-07-13 00:00:00');
INSERT INTO design VALUES(344,'1112-20','1.5 Story Plan',586,'',NULL,'2020-04-28 00:00:00.000000',NULL,7,'Active',NULL,NULL,'admin','2024-07-13 00:00:00');
INSERT INTO design VALUES(345,'1107-20','',149,'234 Pine Valley Drive',NULL,'2020-04-27 00:00:00.000000',NULL,3,'Active',NULL,NULL,'admin','2024-07-13 00:00:00');
INSERT INTO design VALUES(346,'1108-20','',149,'222 Pine Valley',NULL,'2020-04-27 00:00:00.000000',NULL,3,'Active',NULL,NULL,'admin','2024-07-13 00:00:00');
INSERT INTO design VALUES(347,'1109-20','',149,'210 Pine Valley Drive',NULL,'2020-04-27 00:00:00.000000',NULL,3,'Active',NULL,NULL,'admin','2024-07-13 00:00:00');
INSERT INTO design VALUES(348,'1110-20','Corell Addition',496,'13200 Cedarwood Drive',NULL,'2020-04-27 00:00:00.000000',NULL,6,'Active',NULL,NULL,'admin','2024-07-13 00:00:00');
INSERT INTO design VALUES(349,'1097-20','',356,'',NULL,'2020-04-17 00:00:00.000000',NULL,6,'Active',NULL,NULL,'admin','2024-07-13 00:00:00');
INSERT INTO design VALUES(350,'1099-20','Meyer Residence',892,'',NULL,'2020-04-17 00:00:00.000000',NULL,7,'Active',NULL,NULL,'admin','2024-07-13 00:00:00');
INSERT INTO design VALUES(351,'1100-20','Feiz Residence',770,'',NULL,'2020-04-17 00:00:00.000000',NULL,3,'Active',NULL,NULL,'admin','2024-07-13 00:00:00');
INSERT INTO design VALUES(352,'1101-20','',770,'',NULL,'2020-04-17 00:00:00.000000',NULL,6,'Active',NULL,NULL,'admin','2024-07-13 00:00:00');
INSERT INTO design VALUES(353,'1096-20','Garage Plan',770,'',NULL,'2020-04-13 00:00:00.000000',NULL,6,'Active',NULL,NULL,'admin','2024-07-13 00:00:00');
INSERT INTO design VALUES(354,'1093-20','Garage',770,'','Pender Construction','2020-04-08 00:00:00.000000',NULL,3,'Active',NULL,NULL,'admin','2024-07-13 00:00:00');
INSERT INTO design VALUES(355,'1088-20','Riley Residence',770,'','Jack Eaton','2020-03-30 00:00:00.000000',NULL,7,'Active',NULL,NULL,'admin','2024-07-13 00:00:00');
INSERT INTO design VALUES(356,'1089-20','Travis Goldsberry',770,'','Ohnemus Construction','2020-03-30 00:00:00.000000',NULL,3,'Active',NULL,NULL,'admin','2024-07-13 00:00:00');
INSERT INTO design VALUES(357,'1090-20','Redenius Residence',770,'',NULL,'2020-03-30 00:00:00.000000',NULL,7,'Bid Set',NULL,NULL,'admin','2024-07-13 00:00:00');
INSERT INTO design VALUES(358,'1084-20','1.5 Story Plan',853,'2403 NW Rockcrest Ct',NULL,'2020-03-27 00:00:00.000000',NULL,7,'Active',NULL,NULL,'admin','2024-07-13 00:00:00');
INSERT INTO design VALUES(359,'1085-20','Lawler Residence',770,'',NULL,'2020-03-27 00:00:00.000000',NULL,6,'Active',NULL,NULL,'admin','2024-07-13 00:00:00');
INSERT INTO design VALUES(360,'1082-20','Gurwell',770,'',NULL,'2020-03-20 00:00:00.000000',NULL,7,'Bid Set',NULL,NULL,'admin','2024-07-13 00:00:00');
INSERT INTO design VALUES(361,'1081-20','Ott Residence',586,'',NULL,'2020-03-17 00:00:00.000000',NULL,6,'Active',NULL,NULL,'admin','2024-07-13 00:00:00');
INSERT INTO design VALUES(362,'1070-20','Seebeck Residence',770,'',NULL,'2020-03-14 00:00:00.000000',NULL,3,'Active',NULL,NULL,'admin','2024-07-13 00:00:00');
INSERT INTO design VALUES(363,'1071-20','Tekippe Residence',770,'',NULL,'2020-03-14 00:00:00.000000',NULL,6,'Active',NULL,NULL,'admin','2024-07-13 00:00:00');
INSERT INTO design VALUES(364,'1072-20','Geneva',398,'',NULL,'2020-03-14 00:00:00.000000',NULL,6,'Active',NULL,NULL,'admin','2024-07-13 00:00:00');
INSERT INTO design VALUES(365,'1069-20','Small Ranch',149,'',NULL,'2020-03-12 00:00:00.000000',NULL,3,'Active',NULL,NULL,'admin','2024-07-13 00:00:00');
INSERT INTO design VALUES(366,'1068-20','The Hazel-Garage Right',398,'',NULL,'2020-03-09 00:00:00.000000',NULL,6,'Active',NULL,NULL,'admin','2024-07-13 00:00:00');
INSERT INTO design VALUES(367,'1066-20','Deck Plan',63,'414  S 49th St',NULL,'2020-03-07 00:00:00.000000',NULL,7,'Bid Set',NULL,NULL,'admin','2024-07-13 00:00:00');
INSERT INTO design VALUES(368,'1063-20','Cannon Residence',770,'',NULL,'2020-03-06 00:00:00.000000',NULL,3,'Active',NULL,NULL,'admin','2024-07-13 00:00:00');
INSERT INTO design VALUES(369,'1058-20','Daisy Plan',853,'Lepley Residence',NULL,'2020-03-02 00:00:00.000000',NULL,7,'Active',NULL,NULL,'admin','2024-07-13 00:00:00');
INSERT INTO design VALUES(370,'1053-20','Richey Residence',770,'',NULL,'2020-02-29 00:00:00.000000',NULL,6,'Active',NULL,NULL,'admin','2024-07-13 00:00:00');
INSERT INTO design VALUES(371,'1054-20','Flaherty Residence',770,'',NULL,'2020-02-29 00:00:00.000000',NULL,3,'Active',NULL,NULL,'admin','2024-07-13 00:00:00');
INSERT INTO design VALUES(372,'1056-20','Cosgriff Small Ranch',149,'',NULL,'2020-02-29 00:00:00.000000',NULL,3,'Active',NULL,NULL,'admin','2024-07-13 00:00:00');
INSERT INTO design VALUES(373,'1050-20','Hazel Ranch',398,'',NULL,'2020-02-26 00:00:00.000000',NULL,6,'Active',NULL,NULL,'admin','2024-07-13 00:00:00');
INSERT INTO design VALUES(374,'1041-20','2-Story Spec',770,'',NULL,'2020-02-23 00:00:00.000000',NULL,3,'Active',NULL,NULL,'admin','2024-07-13 00:00:00');
INSERT INTO design VALUES(375,'1045-20','Mallard Point Spec 1',149,'17201 Hickory Drive',NULL,'2020-02-23 00:00:00.000000',NULL,3,'Active',NULL,NULL,'admin','2024-07-13 00:00:00');
INSERT INTO design VALUES(376,'1039-20','Remodel Plan',215,'1511 Buffalo Road',NULL,'2020-02-18 00:00:00.000000',NULL,7,'Active',NULL,NULL,'admin','2024-07-13 00:00:00');
INSERT INTO design VALUES(377,'1038-20','Van Zee Spec',770,'',NULL,'2020-02-17 00:00:00.000000',NULL,3,'Bid Set',NULL,NULL,'admin','2024-07-13 00:00:00');
INSERT INTO design VALUES(378,'1027-20','Tigges Duplex',770,'',NULL,'2020-02-16 00:00:00.000000',NULL,6,'Active',NULL,NULL,'admin','2024-07-13 00:00:00');
INSERT INTO design VALUES(379,'1028-20','Peterson Residence',770,'','Dan Weaver','2020-02-16 00:00:00.000000',NULL,6,'Active',NULL,NULL,'admin','2024-07-13 00:00:00');
INSERT INTO design VALUES(380,'1030-20','Simpson Residence',983,'',NULL,'2020-02-16 00:00:00.000000',NULL,6,'Active',NULL,NULL,'admin','2024-07-13 00:00:00');
INSERT INTO design VALUES(381,'1031-20','Seely Residence',994,'',NULL,'2020-02-16 00:00:00.000000',NULL,7,'Active',NULL,NULL,'admin','2024-07-13 00:00:00');
INSERT INTO design VALUES(382,'1033-20','Probst Remodel',496,'',NULL,'2020-02-16 00:00:00.000000',NULL,6,'Active',NULL,NULL,'admin','2024-07-13 00:00:00');
INSERT INTO design VALUES(383,'1024-20','',254,'',NULL,'2020-02-07 00:00:00.000000',NULL,3,'Active',NULL,NULL,'admin','2024-07-13 00:00:00');
INSERT INTO design VALUES(384,'1025-20','',260,'',NULL,'2020-02-07 00:00:00.000000',NULL,6,'Active',NULL,NULL,'admin','2024-07-13 00:00:00');
INSERT INTO design VALUES(385,'1021-20','The Hannah',770,'','Samp/Principal Homes','2020-02-06 00:00:00.000000',NULL,6,'Active',NULL,NULL,'admin','2024-07-13 00:00:00');
INSERT INTO design VALUES(386,'1022-20','Monterrey II',770,'',NULL,'2020-02-06 00:00:00.000000',NULL,3,'Active',NULL,NULL,'admin','2024-07-13 00:00:00');
INSERT INTO design VALUES(387,'1020-20','Matt Residence',770,'',NULL,'2020-02-04 00:00:00.000000',NULL,6,'Active',NULL,NULL,'admin','2024-07-13 00:00:00');
INSERT INTO design VALUES(388,'1019-20','Sequoia Plan',853,'2404 NW Rockcrest Ct',NULL,'2020-02-03 00:00:00.000000',NULL,7,'Active',NULL,NULL,'admin','2024-07-13 00:00:00');
INSERT INTO design VALUES(389,'1017-20','Dunn Residence',770,'',NULL,'2020-01-24 00:00:00.000000',NULL,3,'Active',NULL,NULL,'admin','2024-07-13 00:00:00');
INSERT INTO design VALUES(390,'1013-20','The Carrie',770,'','Samp/Principal Homes','2020-01-20 00:00:00.000000',NULL,3,'Active',NULL,NULL,'admin','2024-07-13 00:00:00');
INSERT INTO design VALUES(391,'1014-20','The Kathy',770,'','Samp/Principal Homes','2020-01-20 00:00:00.000000',NULL,3,'Active',NULL,NULL,'admin','2024-07-13 00:00:00');
INSERT INTO design VALUES(392,'1015-20','Wellington II',149,'',NULL,'2020-01-20 00:00:00.000000',NULL,3,'Active',NULL,NULL,'admin','2024-07-13 00:00:00');
INSERT INTO design VALUES(393,'1006-20','Harkins Residence',770,'','Scott Stover','2020-01-17 00:00:00.000000',NULL,6,'Active',NULL,NULL,'admin','2024-07-13 00:00:00');
INSERT INTO design VALUES(394,'1008-20','Jensen Residence',770,'',NULL,'2020-01-17 00:00:00.000000',NULL,7,'Bid Set',NULL,NULL,'admin','2024-07-13 00:00:00');
INSERT INTO design VALUES(395,'1009-20','Hagen Residence',281,'',NULL,'2020-01-17 00:00:00.000000',NULL,3,'Active',NULL,NULL,'admin','2024-07-13 00:00:00');
INSERT INTO design VALUES(396,'1012-20','Magnolia II Plan',215,'Staber Residence',NULL,'2020-01-17 00:00:00.000000',NULL,7,'Bid Set',NULL,NULL,'admin','2024-07-13 00:00:00');
INSERT INTO design VALUES(397,'1267-19','Deck Plan',63,'3811 SE Grant St.',NULL,'2019-12-30 00:00:00.000000',NULL,7,'Active',NULL,NULL,'admin','2024-07-13 00:00:00');
INSERT INTO design VALUES(398,'1265-19','',770,'',NULL,'2019-12-27 00:00:00.000000',NULL,3,'Active',NULL,NULL,'admin','2024-07-13 00:00:00');
INSERT INTO design VALUES(399,'1266-19','Burroughs Plan',356,'',NULL,'2019-12-27 00:00:00.000000',NULL,6,'Active',NULL,NULL,'admin','2024-07-13 00:00:00');
INSERT INTO design VALUES(400,'1262-19','Zuniga Residence',770,'',NULL,'2019-12-24 00:00:00.000000',NULL,6,'Active',NULL,NULL,'admin','2024-07-13 00:00:00');
INSERT INTO design VALUES(401,'1263-19','Harken Residence',770,'',NULL,'2019-12-24 00:00:00.000000',NULL,7,'Active',NULL,NULL,'admin','2024-07-13 00:00:00');
INSERT INTO design VALUES(402,'1264-19','Gutknecht Residence',770,'',NULL,'2019-12-24 00:00:00.000000',NULL,6,'Active',NULL,NULL,'admin','2024-07-13 00:00:00');
INSERT INTO design VALUES(403,'1253-19','Magnolia II Plan',215,'2916 Partlow',NULL,'2019-12-05 00:00:00.000000',NULL,7,'Active',NULL,NULL,'admin','2024-07-13 00:00:00');
INSERT INTO design VALUES(404,'1251-19','Cantor Addition',770,'5609 Woodland Ave. WDM IA 50266',NULL,'2019-11-30 00:00:00.000000',NULL,3,'Active',NULL,NULL,'admin','2024-07-13 00:00:00');
INSERT INTO design VALUES(405,'1247-19','Parsons Residence',770,'',NULL,'2019-11-25 00:00:00.000000',NULL,7,'Bid Set',NULL,NULL,'admin','2024-07-13 00:00:00');
INSERT INTO design VALUES(406,'1240-19','Mahoney Residence',770,'',NULL,'2019-11-18 00:00:00.000000',NULL,6,'Active',NULL,NULL,'admin','2024-07-13 00:00:00');
INSERT INTO design VALUES(407,'1241-19','',58,'',NULL,'2019-11-18 00:00:00.000000',NULL,7,'Active',NULL,NULL,'admin','2024-07-13 00:00:00');
INSERT INTO design VALUES(408,'1242-19','Wilton Plan',398,'',NULL,'2019-11-18 00:00:00.000000',NULL,7,'Active',NULL,NULL,'admin','2024-07-13 00:00:00');
INSERT INTO design VALUES(409,'1243-19','Hansen Residence',770,'',NULL,'2019-11-18 00:00:00.000000',NULL,3,'Active',NULL,NULL,'admin','2024-07-13 00:00:00');
INSERT INTO design VALUES(410,'1244-19','Brannen Residence',770,'',NULL,'2019-11-18 00:00:00.000000',NULL,6,'Active',NULL,NULL,'admin','2024-07-13 00:00:00');
INSERT INTO design VALUES(411,'1245-19','Vespa Residence',260,'10425 Hidden Valley',NULL,'2019-11-18 00:00:00.000000',NULL,6,'Active',NULL,NULL,'admin','2024-07-13 00:00:00');
INSERT INTO design VALUES(412,'1239-19','Weston Plan',398,'1309 NE 53rd',NULL,'2019-11-13 00:00:00.000000',NULL,7,'Active',NULL,NULL,'admin','2024-07-13 00:00:00');
INSERT INTO design VALUES(413,'1235-19','Garage Plan',78,'',NULL,'2019-11-05 00:00:00.000000',NULL,7,'Bid Set',NULL,NULL,'admin','2024-07-13 00:00:00');
INSERT INTO design VALUES(414,'1236-19','Deck Plan',63,'15422 Prairie Ave',NULL,'2019-11-05 00:00:00.000000',NULL,7,'Active',NULL,NULL,'admin','2024-07-13 00:00:00');
INSERT INTO design VALUES(415,'1238-19','Deck Plan',63,'4504 72nd St',NULL,'2019-11-05 00:00:00.000000',NULL,6,'Active',NULL,NULL,'admin','2024-07-13 00:00:00');
INSERT INTO design VALUES(416,'1232-19','Wistrom IV',770,'',NULL,'2019-11-01 00:00:00.000000',NULL,3,'Active',NULL,NULL,'admin','2024-07-13 00:00:00');
INSERT INTO design VALUES(417,'1223-19','Wistrom III',770,'',NULL,'2019-10-22 00:00:00.000000',NULL,6,'Active',NULL,NULL,'admin','2024-07-13 00:00:00');
INSERT INTO design VALUES(418,'1224-19','Steenhoek Spec',945,'',NULL,'2019-10-22 00:00:00.000000',NULL,3,'Bid Set',NULL,NULL,'admin','2024-07-13 00:00:00');
INSERT INTO design VALUES(419,'1225-19','Steenhoek Duplex',945,'',NULL,'2019-10-22 00:00:00.000000',NULL,7,'Bid Set',NULL,NULL,'admin','2024-07-13 00:00:00');
INSERT INTO design VALUES(420,'1226-19','',894,'',NULL,'2019-10-22 00:00:00.000000',NULL,6,'Active',NULL,NULL,'admin','2024-07-13 00:00:00');
INSERT INTO design VALUES(421,'1227-19','Forneris Residence',770,'',NULL,'2019-10-22 00:00:00.000000',NULL,3,'Bid Set',NULL,NULL,'admin','2024-07-13 00:00:00');
INSERT INTO design VALUES(422,'1222-19','Sprecher Residence',770,'',NULL,'2019-10-21 00:00:00.000000',NULL,7,'Active',NULL,NULL,'admin','2024-07-13 00:00:00');
INSERT INTO design VALUES(423,'1221-19','Claman Spec',131,'',NULL,'2019-10-17 00:00:00.000000',NULL,7,'Bid Set',NULL,NULL,'admin','2024-07-13 00:00:00');
INSERT INTO design VALUES(424,'1214-19','Maeschen Residence',770,'',NULL,'2019-10-04 00:00:00.000000',NULL,7,'Bid Set',NULL,NULL,'admin','2024-07-13 00:00:00');
INSERT INTO design VALUES(425,'1212-19','Venture Ranch Spec II',770,'',NULL,'2019-09-26 00:00:00.000000',NULL,3,'Bid Set',NULL,NULL,'admin','2024-07-13 00:00:00');
INSERT INTO design VALUES(426,'1202-19','Gladson Residence',770,'',NULL,'2019-09-19 00:00:00.000000',NULL,7,'Bid Set',NULL,NULL,'admin','2024-07-13 00:00:00');
INSERT INTO design VALUES(427,'1203-19','Toland Pool House',642,'',NULL,'2019-09-19 00:00:00.000000',NULL,3,'Bid Set',NULL,NULL,'admin','2024-07-13 00:00:00');
INSERT INTO design VALUES(428,'1204-19','Kimberley Home Show Expo',398,'',NULL,'2019-09-19 00:00:00.000000',NULL,6,'Active',NULL,NULL,'admin','2024-07-13 00:00:00');
INSERT INTO design VALUES(429,'1205-19','Hokic Residence',770,'',NULL,'2019-09-19 00:00:00.000000',NULL,7,'Active',NULL,NULL,'admin','2024-07-13 00:00:00');
INSERT INTO design VALUES(430,'1208-19','Patio Plan',63,'4012 127th',NULL,'2019-09-19 00:00:00.000000',NULL,7,'Bid Set',NULL,NULL,'admin','2024-07-13 00:00:00');
INSERT INTO design VALUES(431,'1199-19','Custom Ranch Plan',853,'',NULL,'2019-09-13 00:00:00.000000',NULL,7,'Active',NULL,NULL,'admin','2024-07-13 00:00:00');
INSERT INTO design VALUES(432,'1196-19','Findlay Residence',765,'',NULL,'2019-09-11 00:00:00.000000',NULL,7,'Bid Set',NULL,NULL,'admin','2024-07-13 00:00:00');
INSERT INTO design VALUES(433,'1189-19','Nessa Garage Addition',630,'',NULL,'2019-08-30 00:00:00.000000',NULL,3,'Active',NULL,NULL,'admin','2024-07-13 00:00:00');
INSERT INTO design VALUES(434,'1181-19','Sprecher Residence',770,'',NULL,'2019-08-28 00:00:00.000000',NULL,7,'Bid Set',NULL,NULL,'admin','2024-07-13 00:00:00');
INSERT INTO design VALUES(435,'1170-19','Havana',398,'',NULL,'2019-08-19 00:00:00.000000',NULL,6,'Active',NULL,NULL,'admin','2024-07-13 00:00:00');
INSERT INTO design VALUES(436,'1160-19','Brewster Residence',231,'',NULL,'2019-07-31 00:00:00.000000',NULL,3,'Active',NULL,NULL,'admin','2024-07-13 00:00:00');
INSERT INTO design VALUES(437,'1159-19','The Rio-Garage Left',398,'',NULL,'2019-07-30 00:00:00.000000',NULL,6,'Active',NULL,NULL,'admin','2024-07-13 00:00:00');
INSERT INTO design VALUES(438,'1158-19','Paine Residence',81,'',NULL,'2019-07-26 00:00:00.000000',NULL,3,'Active',NULL,NULL,'admin','2024-07-13 00:00:00');
INSERT INTO design VALUES(439,'1146-19','Lukins LLC',483,'',NULL,'2019-07-24 00:00:00.000000',NULL,3,'Active',NULL,NULL,'admin','2024-07-13 00:00:00');
INSERT INTO design VALUES(440,'1147-19','Decker Residence',770,'',NULL,'2019-07-24 00:00:00.000000',NULL,6,'Bid Set',NULL,NULL,'admin','2024-07-13 00:00:00');
INSERT INTO design VALUES(441,'1148-19','Walstrum Deck',332,'354 332nd Pl, Perry',NULL,'2019-07-24 00:00:00.000000',NULL,3,'Active',NULL,NULL,'admin','2024-07-13 00:00:00');
INSERT INTO design VALUES(442,'1150-19','Claman Residence',131,'',NULL,'2019-07-24 00:00:00.000000',NULL,6,'Bid Set',NULL,NULL,'admin','2024-07-13 00:00:00');
INSERT INTO design VALUES(443,'1141-19','Elite Woodworks Addition',770,'',NULL,'2019-07-15 00:00:00.000000',NULL,3,'Bid Set',NULL,NULL,'admin','2024-07-13 00:00:00');
INSERT INTO design VALUES(444,'1139-19','2411 Mockingbird',61,'',NULL,'2019-07-12 00:00:00.000000',NULL,6,'Active',NULL,NULL,'admin','2024-07-13 00:00:00');
INSERT INTO design VALUES(445,'1136-19','The Rio',398,'',NULL,'2019-07-11 00:00:00.000000',NULL,6,'Active',NULL,NULL,'admin','2024-07-13 00:00:00');
INSERT INTO design VALUES(446,'1127-19','Claman Ranch',131,'',NULL,'2019-07-05 00:00:00.000000',NULL,6,'Bid Set',NULL,NULL,'admin','2024-07-13 00:00:00');
INSERT INTO design VALUES(447,'1129-19','',586,'',NULL,'2019-07-05 00:00:00.000000',NULL,6,'Active',NULL,NULL,'admin','2024-07-13 00:00:00');
INSERT INTO design VALUES(448,'1115-19','',853,'',NULL,'2019-06-12 00:00:00.000000',NULL,7,'Bid Set',NULL,NULL,'admin','2024-07-13 00:00:00');
INSERT INTO design VALUES(449,'1103-19','Gonnerman Garage',770,'',NULL,'2019-05-31 00:00:00.000000',NULL,7,'Bid Set',NULL,NULL,'admin','2024-07-13 00:00:00');
INSERT INTO design VALUES(450,'1107-19','Rounds Addition',770,'',NULL,'2019-05-31 00:00:00.000000',NULL,6,'Bid Set',NULL,NULL,'admin','2024-07-13 00:00:00');
INSERT INTO design VALUES(451,'1108-19','Fonseca Residence',770,'','Dan Johnson','2019-05-31 00:00:00.000000',NULL,6,'Bid Set',NULL,NULL,'admin','2024-07-13 00:00:00');
INSERT INTO design VALUES(452,'1102-19','Benton Residence',61,'',NULL,'2019-05-29 00:00:00.000000',NULL,6,'Active',NULL,NULL,'admin','2024-07-13 00:00:00');
INSERT INTO design VALUES(453,'1081-19','Nelson Residence',770,'',NULL,'2019-05-07 00:00:00.000000',NULL,7,'Bid Set',NULL,NULL,'admin','2024-07-13 00:00:00');
INSERT INTO design VALUES(454,'1075-19','Nessa Garage Addition',630,'',NULL,'2019-04-30 00:00:00.000000',NULL,3,'Active',NULL,NULL,'admin','2024-07-13 00:00:00');
INSERT INTO design VALUES(455,'1065-19','Wegner Residence',61,'',NULL,'2019-04-24 00:00:00.000000',NULL,6,'Bid Set',NULL,NULL,'admin','2024-07-13 00:00:00');
INSERT INTO design VALUES(456,'1066-19','Cornerstone Townhomes',70,'',NULL,'2019-04-24 00:00:00.000000',NULL,6,'Bid Set',NULL,NULL,'admin','2024-07-13 00:00:00');
INSERT INTO design VALUES(457,'1058-19','Colby Addition',770,'',NULL,'2019-04-08 00:00:00.000000',NULL,3,'Active',NULL,NULL,'admin','2024-07-13 00:00:00');
INSERT INTO design VALUES(458,'1047-19','William Villa',398,'',NULL,'2019-03-14 00:00:00.000000',NULL,7,'Bid Set',NULL,NULL,'admin','2024-07-13 00:00:00');
INSERT INTO design VALUES(459,'1034-19','Ranch Plan',398,'',NULL,'2019-03-01 00:00:00.000000',NULL,7,'Bid Set',NULL,NULL,'admin','2024-07-13 00:00:00');
INSERT INTO design VALUES(460,'1032-19','Ranch Spec',770,'','Kountry Kraft','2019-02-22 00:00:00.000000',NULL,3,'Bid Set',NULL,NULL,'admin','2024-07-13 00:00:00');
INSERT INTO design VALUES(461,'1017-19','Heuton Parents',260,'',NULL,'2019-01-30 00:00:00.000000',NULL,6,'Active',NULL,NULL,'admin','2024-07-13 00:00:00');
INSERT INTO design VALUES(462,'1020-19','Lose Residence',770,'',NULL,'2019-01-30 00:00:00.000000',NULL,3,'Bid Set',NULL,NULL,'admin','2024-07-13 00:00:00');
INSERT INTO design VALUES(463,'1022-19','Cusey Residence-Opt 2',770,'',NULL,'2019-01-30 00:00:00.000000',NULL,7,'Bid Set',NULL,NULL,'admin','2024-07-13 00:00:00');
INSERT INTO design VALUES(464,'1023-19','Wilson Residence',70,'',NULL,'2019-01-30 00:00:00.000000',NULL,3,'Active',NULL,NULL,'admin','2024-07-13 00:00:00');
INSERT INTO design VALUES(465,'1024-19','Fitzpatrick Residence',70,'',NULL,'2019-01-30 00:00:00.000000',NULL,3,'Bid Set',NULL,NULL,'admin','2024-07-13 00:00:00');
INSERT INTO design VALUES(466,'1010-19','Magnolia Plan',398,'',NULL,'2019-01-23 00:00:00.000000',NULL,7,'Bid Set',NULL,NULL,'admin','2024-07-13 00:00:00');
INSERT INTO design VALUES(467,'1011-19','Weston Plan',398,'',NULL,'2019-01-23 00:00:00.000000',NULL,7,'Bid Set',NULL,NULL,'admin','2024-07-13 00:00:00');
INSERT INTO design VALUES(468,'1004-19','Wiemann Garage',770,'',NULL,'2019-01-07 00:00:00.000000',NULL,3,'Bid Set',NULL,NULL,'admin','2024-07-13 00:00:00');
INSERT INTO design VALUES(469,'1272-18','Deck Plan',63,'Jensen Project',NULL,'2018-12-26 00:00:00.000000',NULL,7,'Bid Set',NULL,NULL,'admin','2024-07-13 00:00:00');
INSERT INTO design VALUES(470,'1271-18','Amethyst',770,'',NULL,'2018-12-24 00:00:00.000000',NULL,6,'Active',NULL,NULL,'admin','2024-07-13 00:00:00');
INSERT INTO design VALUES(471,'1270-18','Ranger House',770,'',NULL,'2018-12-20 00:00:00.000000',NULL,6,'Active',NULL,NULL,'admin','2024-07-13 00:00:00');
INSERT INTO design VALUES(472,'1266-18','ACCO Unlimited Cris''s Residence',770,'',NULL,'2018-12-18 00:00:00.000000',NULL,3,'Active',NULL,NULL,'admin','2024-07-13 00:00:00');
INSERT INTO design VALUES(473,'1267-18','ACCO Unlimited Deb''s Residence',770,'',NULL,'2018-12-18 00:00:00.000000',NULL,3,'Active',NULL,NULL,'admin','2024-07-13 00:00:00');
INSERT INTO design VALUES(474,'1268-18','ACCO Unlimited David''s Resicence',770,'',NULL,'2018-12-18 00:00:00.000000',NULL,3,'Active',NULL,NULL,'admin','2024-07-13 00:00:00');
INSERT INTO design VALUES(475,'1260-18','Modern Ranch Plan',398,'',NULL,'2018-11-27 00:00:00.000000',NULL,7,'Bid Set',NULL,NULL,'admin','2024-07-13 00:00:00');
INSERT INTO design VALUES(476,'1255-18','Jaques Addition',770,'',NULL,'2018-11-13 00:00:00.000000',NULL,7,'Active',NULL,NULL,'admin','2024-07-13 00:00:00');
INSERT INTO design VALUES(477,'1256-18','Coil Residence',770,'',NULL,'2018-11-13 00:00:00.000000',NULL,3,'Active',NULL,NULL,'admin','2024-07-13 00:00:00');
INSERT INTO design VALUES(478,'1258-18','Lechuga Residence',770,'',NULL,'2018-11-13 00:00:00.000000',NULL,3,'Active',NULL,NULL,'admin','2024-07-13 00:00:00');
INSERT INTO design VALUES(479,'1252-18','Marsh Outbuilding',496,'',NULL,'2018-11-05 00:00:00.000000',NULL,7,'Bid Set',NULL,NULL,'admin','2024-07-13 00:00:00');
INSERT INTO design VALUES(480,'1247-18','Ranch Plan',770,'',NULL,'2018-10-23 00:00:00.000000',NULL,7,'Bid Set',NULL,NULL,'admin','2024-07-13 00:00:00');
INSERT INTO design VALUES(481,'1246-18','The Tarragon Plan',853,'Meadow Vista',NULL,'2018-10-22 00:00:00.000000',NULL,7,'Bid Set',NULL,NULL,'admin','2024-07-13 00:00:00');
INSERT INTO design VALUES(482,'1244-18','Kensington Plan',398,'2409 Little Beaver Ct.',NULL,'2018-10-18 00:00:00.000000',NULL,7,'Bid Set',NULL,NULL,'admin','2024-07-13 00:00:00');
INSERT INTO design VALUES(483,'1243-18','The Woodruff Plan',853,'',NULL,'2018-10-16 00:00:00.000000',NULL,7,'Bid Set',NULL,NULL,'admin','2024-07-13 00:00:00');
INSERT INTO design VALUES(484,'1237-18','Ryon Addition',770,'',NULL,'2018-10-15 00:00:00.000000',NULL,6,'Active',NULL,NULL,'admin','2024-07-13 00:00:00');
INSERT INTO design VALUES(485,'1239-18','Beguhn pool house',770,'',NULL,'2018-10-15 00:00:00.000000',NULL,6,'Active',NULL,NULL,'admin','2024-07-13 00:00:00');
INSERT INTO design VALUES(486,'1240-18','Kemmerer Residence',894,'',NULL,'2018-10-15 00:00:00.000000',NULL,6,'Active',NULL,NULL,'admin','2024-07-13 00:00:00');
INSERT INTO design VALUES(487,'1233-18','The Lavender Plan',853,'',NULL,'2018-10-10 00:00:00.000000',NULL,7,'Bid Set',NULL,NULL,'admin','2024-07-13 00:00:00');
INSERT INTO design VALUES(488,'1234-18','The Spearmint Plan',853,'',NULL,'2018-10-10 00:00:00.000000',NULL,7,'Bid Set',NULL,NULL,'admin','2024-07-13 00:00:00');
INSERT INTO design VALUES(489,'1232-18','The Williamsburg Plan',398,'328 NE Pinehurst',NULL,'2018-10-08 00:00:00.000000',NULL,7,'Bid Set',NULL,NULL,'admin','2024-07-13 00:00:00');
INSERT INTO design VALUES(490,'1227-18','The Saffron Ranch',853,'',NULL,'2018-10-03 00:00:00.000000',NULL,7,'Bid Set',NULL,NULL,'admin','2024-07-13 00:00:00');
INSERT INTO design VALUES(491,'1228-18','The Saffron Plan',853,'',NULL,'2018-10-03 00:00:00.000000',NULL,7,'Bid Set',NULL,NULL,'admin','2024-07-13 00:00:00');
INSERT INTO design VALUES(492,'1229-18','Collins Residence',61,'',NULL,'2018-10-03 00:00:00.000000',NULL,6,'Active',NULL,NULL,'admin','2024-07-13 00:00:00');
INSERT INTO design VALUES(493,'1224-18','The Caraway Plan',853,'',NULL,'2018-09-26 00:00:00.000000',NULL,7,'Bid Set',NULL,NULL,'admin','2024-07-13 00:00:00');
INSERT INTO design VALUES(494,'1225-18','Story+Half Plan',853,'',NULL,'2018-09-26 00:00:00.000000',NULL,7,'Bid Set',NULL,NULL,'admin','2024-07-13 00:00:00');
INSERT INTO design VALUES(495,'1226-18','1481 2 Story',853,'',NULL,'2018-09-26 00:00:00.000000',NULL,7,'Bid Set',NULL,NULL,'admin','2024-07-13 00:00:00');
INSERT INTO design VALUES(496,'1222-18','Myers Residence',770,'',NULL,'2018-09-25 00:00:00.000000',NULL,3,'Bid Set',NULL,NULL,'admin','2024-07-13 00:00:00');
INSERT INTO design VALUES(497,'1223-18','Bauerman Residence',770,'',NULL,'2018-09-25 00:00:00.000000',NULL,3,'Bid Set',NULL,NULL,'admin','2024-07-13 00:00:00');
INSERT INTO design VALUES(498,'1221-18','',770,'305 Prairie Creek Dr, Pleasant Hill',NULL,'2018-09-24 00:00:00.000000',NULL,6,'Active',NULL,NULL,'admin','2024-07-13 00:00:00');
INSERT INTO design VALUES(499,'1217-18','The Rosemary Plan',853,'',NULL,'2018-09-20 00:00:00.000000',NULL,7,'Bid Set',NULL,NULL,'admin','2024-07-13 00:00:00');
INSERT INTO design VALUES(500,'1218-18','The Cicely Plan',853,'',NULL,'2018-09-20 00:00:00.000000',NULL,7,'Bid Set',NULL,NULL,'admin','2024-07-13 00:00:00');
INSERT INTO design VALUES(501,'1219-18','',853,'',NULL,'2018-09-20 00:00:00.000000',NULL,7,'Bid Set',NULL,NULL,'admin','2024-07-13 00:00:00');
INSERT INTO design VALUES(502,'1220-18','',853,'',NULL,'2018-09-20 00:00:00.000000',NULL,7,'Bid Set',NULL,NULL,'admin','2024-07-13 00:00:00');
INSERT INTO design VALUES(503,'1214-18','Reinertson Residence',770,'',NULL,'2018-09-18 00:00:00.000000',NULL,6,'Active',NULL,NULL,'admin','2024-07-13 00:00:00');
INSERT INTO design VALUES(504,'1213-18','Butler Residence',398,'',NULL,'2018-09-11 00:00:00.000000',NULL,6,'Active',NULL,NULL,'admin','2024-07-13 00:00:00');
INSERT INTO design VALUES(505,'1211-18','Hawthorn Plan',853,'1414 Deer Run Dr.',NULL,'2018-09-10 00:00:00.000000',NULL,7,'Active',NULL,NULL,'admin','2024-07-13 00:00:00');
INSERT INTO design VALUES(506,'1206-18','Scottsdale II',398,'',NULL,'2018-09-04 00:00:00.000000',NULL,6,'Active',NULL,NULL,'admin','2024-07-13 00:00:00');
INSERT INTO design VALUES(507,'1205-18','Heuton Residence',770,'',NULL,'2018-08-29 00:00:00.000000',NULL,6,'Active',NULL,NULL,'admin','2024-07-13 00:00:00');
INSERT INTO design VALUES(508,'1196-18','The David Plan',398,'',NULL,'2018-08-24 00:00:00.000000',NULL,6,'Active',NULL,NULL,'admin','2024-07-13 00:00:00');
INSERT INTO design VALUES(509,'1197-18','Hommer Residence',398,'',NULL,'2018-08-24 00:00:00.000000',NULL,6,'Active',NULL,NULL,'admin','2024-07-13 00:00:00');
INSERT INTO design VALUES(510,'1175-18','Havana I Plan',398,'',NULL,'2018-08-15 00:00:00.000000',NULL,6,'Active',NULL,NULL,'admin','2024-07-13 00:00:00');
INSERT INTO design VALUES(511,'1176-18','Taylor Plan',398,'',NULL,'2018-08-15 00:00:00.000000',NULL,7,'Bid Set',NULL,NULL,'admin','2024-07-13 00:00:00');
INSERT INTO design VALUES(512,'1180-18','Havana II Plan',398,'',NULL,'2018-08-15 00:00:00.000000',NULL,6,'Active',NULL,NULL,'admin','2024-07-13 00:00:00');
INSERT INTO design VALUES(513,'1174-18','Joseph Residence',524,'',NULL,'2018-08-13 00:00:00.000000',NULL,6,'Bid Set',NULL,NULL,'admin','2024-07-13 00:00:00');
INSERT INTO design VALUES(514,'1173-18','Reddy Residence',770,'1818 Lakeview Dr, Pella',NULL,'2018-08-09 00:00:00.000000',NULL,6,'Active',NULL,NULL,'admin','2024-07-13 00:00:00');
INSERT INTO design VALUES(515,'1171-18','Bernal Residence',770,'',NULL,'2018-08-03 00:00:00.000000',NULL,3,'Active',NULL,NULL,'admin','2024-07-13 00:00:00');
INSERT INTO design VALUES(516,'1169-18','',356,'',NULL,'2018-07-27 00:00:00.000000',NULL,6,'Active',NULL,NULL,'admin','2024-07-13 00:00:00');
INSERT INTO design VALUES(517,'1165-18','Magnolia',853,'1813 SW Franklin Dr, Ankeny',NULL,'2018-07-16 00:00:00.000000',NULL,7,'Bid Set',NULL,NULL,'admin','2024-07-13 00:00:00');
INSERT INTO design VALUES(518,'1167-18','Granger Spec',398,'10793 NW 111th Ave, Granger',NULL,'2018-07-16 00:00:00.000000',NULL,7,'Bid Set',NULL,NULL,'admin','2024-07-13 00:00:00');
INSERT INTO design VALUES(519,'1159-18','Diewold Residence',668,'',NULL,'2018-07-13 00:00:00.000000',NULL,7,'Bid Set',NULL,NULL,'admin','2024-07-13 00:00:00');
INSERT INTO design VALUES(520,'1160-18','Farmhouse Remodel',496,'610 NW 18th St, Ankeny',NULL,'2018-07-13 00:00:00.000000',NULL,6,'Active',NULL,NULL,'admin','2024-07-13 00:00:00');
INSERT INTO design VALUES(521,'1158-18','Haupert Residence',260,'5790 Faireway Dr, WDSM',NULL,'2018-07-09 00:00:00.000000',NULL,6,'Bid Set',NULL,NULL,'admin','2024-07-13 00:00:00');
INSERT INTO design VALUES(522,'1147-18','Ranch Spec',770,'',NULL,'2018-06-29 00:00:00.000000',NULL,3,'Bid Set',NULL,NULL,'admin','2024-07-13 00:00:00');
INSERT INTO design VALUES(523,'1152-18','Stump Residence',100,'',NULL,'2018-06-29 00:00:00.000000',NULL,7,'Bid Set',NULL,NULL,'admin','2024-07-13 00:00:00');
INSERT INTO design VALUES(524,'1155-18','Cunningham Residence',770,'',NULL,'2018-06-29 00:00:00.000000',NULL,6,'Active',NULL,NULL,'admin','2024-07-13 00:00:00');
INSERT INTO design VALUES(525,'1139-18','Beattie Residence',470,'',NULL,'2018-06-08 00:00:00.000000',NULL,3,'Bid Set',NULL,NULL,'admin','2024-07-13 00:00:00');
INSERT INTO design VALUES(526,'1142-18','Rowe Residence',770,'',NULL,'2018-06-08 00:00:00.000000',NULL,7,'Bid Set',NULL,NULL,'admin','2024-07-13 00:00:00');
INSERT INTO design VALUES(527,'1134-18','Seily Residence',770,'',NULL,'2018-06-01 00:00:00.000000',NULL,7,'Bid Set',NULL,NULL,'admin','2024-07-13 00:00:00');
INSERT INTO design VALUES(528,'1130-18','The Blue Jay XL',770,'',NULL,'2018-05-25 00:00:00.000000',NULL,7,'Bid Set',NULL,NULL,'admin','2024-07-13 00:00:00');
INSERT INTO design VALUES(529,'1125-18','Farmhouse Plan',398,'1421 S. Arrowleaf',NULL,'2018-05-21 00:00:00.000000',NULL,7,'Bid Set',NULL,NULL,'admin','2024-07-13 00:00:00');
INSERT INTO design VALUES(530,'1123-18','Weston Plan',398,'1437 S Arrowleaf',NULL,'2018-05-14 00:00:00.000000',NULL,7,'Bid Set',NULL,NULL,'admin','2024-07-13 00:00:00');
INSERT INTO design VALUES(531,'1116-18','Carter Residence',145,'',NULL,'2018-05-12 00:00:00.000000',NULL,7,'Bid Set',NULL,NULL,'admin','2024-07-13 00:00:00');
INSERT INTO design VALUES(532,'1109-18','Lint Residence',496,'',NULL,'2018-05-02 00:00:00.000000',NULL,6,'Active',NULL,NULL,'admin','2024-07-13 00:00:00');
INSERT INTO design VALUES(533,'1100-18','Overgaard Residence',524,'',NULL,'2018-04-25 00:00:00.000000',NULL,6,'Bid Set',NULL,NULL,'admin','2024-07-13 00:00:00');
INSERT INTO design VALUES(534,'1098-18','Ranch Spec',770,'10142 Crownland Ct',NULL,'2018-04-17 00:00:00.000000',NULL,3,'Bid Set',NULL,NULL,'admin','2024-07-13 00:00:00');
INSERT INTO design VALUES(535,'1081-18','Ranch Plan',770,'','Samp Construction','2018-04-07 00:00:00.000000',NULL,3,'Bid Set',NULL,NULL,'admin','2024-07-13 00:00:00');
INSERT INTO design VALUES(536,'1086-18','Small Ranch',770,'','JES Construction','2018-04-07 00:00:00.000000',NULL,6,'Bid Set',NULL,NULL,'admin','2024-07-13 00:00:00');
INSERT INTO design VALUES(537,'1088-18','Means Deck',63,'3920 River Oaks Dr',NULL,'2018-04-07 00:00:00.000000',NULL,7,'Bid Set',NULL,NULL,'admin','2024-07-13 00:00:00');
INSERT INTO design VALUES(538,'1077-18','Chariton Deck',63,'',NULL,'2018-04-03 00:00:00.000000',NULL,7,'Active',NULL,NULL,'admin','2024-07-13 00:00:00');
INSERT INTO design VALUES(539,'1050-18','Custom Ranch',1027,'',NULL,'2018-03-05 00:00:00.000000',NULL,6,'Bid Set',NULL,NULL,'admin','2024-07-13 00:00:00');
INSERT INTO design VALUES(540,'1028-18','Fejfar Residence',814,'',NULL,'2018-02-09 00:00:00.000000',NULL,6,'Bid Set',NULL,NULL,'admin','2024-07-13 00:00:00');
INSERT INTO design VALUES(541,'1029-18','The Callaway',398,'',NULL,'2018-02-09 00:00:00.000000',NULL,7,'Bid Set',NULL,NULL,'admin','2024-07-13 00:00:00');
INSERT INTO design VALUES(542,'1031-18','Olson Spec Ranch',894,'',NULL,'2018-02-09 00:00:00.000000',NULL,3,'Bid Set',NULL,NULL,'admin','2024-07-13 00:00:00');
INSERT INTO design VALUES(543,'1034-18','Nerem Residence',398,'',NULL,'2018-02-09 00:00:00.000000',NULL,7,'Bid Set',NULL,NULL,'admin','2024-07-13 00:00:00');
INSERT INTO design VALUES(544,'1025-18','Small Ranch',770,'Mingo, Iowa','Blue Serenity','2018-01-29 00:00:00.000000',NULL,6,'Bid Set',NULL,NULL,'admin','2024-07-13 00:00:00');
INSERT INTO design VALUES(545,'1023-18','Ranch Plan',398,'',NULL,'2018-01-24 00:00:00.000000',NULL,7,'Bid Set',NULL,NULL,'admin','2024-07-13 00:00:00');
INSERT INTO design VALUES(546,'1012-18','Huffey Residence',770,'',NULL,'2018-01-11 00:00:00.000000',NULL,6,'Bid Set',NULL,NULL,'admin','2024-07-13 00:00:00');
INSERT INTO design VALUES(547,'1013-18','Weston Plan',398,'',NULL,'2018-01-11 00:00:00.000000',NULL,7,'Bid Set',NULL,NULL,'admin','2024-07-13 00:00:00');
INSERT INTO design VALUES(548,'1252-17','Ellis Residence',894,'',NULL,'2017-12-20 00:00:00.000000',NULL,3,'Bid Set',NULL,NULL,'admin','2024-07-13 00:00:00');
INSERT INTO design VALUES(549,'1250-17','Hickey Residence',524,'',NULL,'2017-12-13 00:00:00.000000',NULL,6,'Active',NULL,NULL,'admin','2024-07-13 00:00:00');
INSERT INTO design VALUES(550,'1249-17','Arringdale Residence',963,'',NULL,'2017-12-12 00:00:00.000000',NULL,7,'Active',NULL,NULL,'admin','2024-07-13 00:00:00');
INSERT INTO design VALUES(551,'1248-17','2 Story Plan',524,'',NULL,'2017-12-08 00:00:00.000000',NULL,7,'Active',NULL,NULL,'admin','2024-07-13 00:00:00');
INSERT INTO design VALUES(552,'1247-17','Kensington II',398,'',NULL,'2017-12-06 00:00:00.000000',NULL,6,'Active',NULL,NULL,'admin','2024-07-13 00:00:00');
INSERT INTO design VALUES(553,'1245-17','Jackson Residence',770,'',NULL,'2017-12-04 00:00:00.000000',NULL,7,'Active',NULL,NULL,'admin','2024-07-13 00:00:00');
INSERT INTO design VALUES(554,'1246-17','Pinehurst Plan',398,'',NULL,'2017-12-04 00:00:00.000000',NULL,7,'Active',NULL,NULL,'admin','2024-07-13 00:00:00');
INSERT INTO design VALUES(555,'1242-17','Ranch Plan',770,'','Samp Construction','2017-11-28 00:00:00.000000',NULL,7,'Bid Set',NULL,NULL,'admin','2024-07-13 00:00:00');
INSERT INTO design VALUES(556,'1243-17','Joseph Residence',524,'',NULL,'2017-11-28 00:00:00.000000',NULL,6,'Active',NULL,NULL,'admin','2024-07-13 00:00:00');
INSERT INTO design VALUES(557,'1241-17','Smith Addition',524,'',NULL,'2017-11-20 00:00:00.000000',NULL,6,'Active',NULL,NULL,'admin','2024-07-13 00:00:00');
INSERT INTO design VALUES(558,'1237-17','Harjes Residence',398,'4205 NE Hillcrest Ct.',NULL,'2017-11-06 00:00:00.000000',NULL,7,'Active',NULL,NULL,'admin','2024-07-13 00:00:00');
INSERT INTO design VALUES(559,'1233-17','Ranch Plan',770,'385 Prairie Creek Dr.',NULL,'2017-10-31 00:00:00.000000',NULL,7,'Active',NULL,NULL,'admin','2024-07-13 00:00:00');
INSERT INTO design VALUES(560,'1228-17','Schaudt Residence',770,'',NULL,'2017-10-26 00:00:00.000000',NULL,3,'Bid Set',NULL,NULL,'admin','2024-07-13 00:00:00');
INSERT INTO design VALUES(561,'1229-17','Nevitt Residence',770,'',NULL,'2017-10-26 00:00:00.000000',NULL,3,'Bid Set',NULL,NULL,'admin','2024-07-13 00:00:00');
INSERT INTO design VALUES(562,'1230-17','Krohn Garage Plan',770,'',NULL,'2017-10-26 00:00:00.000000',NULL,7,'Active',NULL,NULL,'admin','2024-07-13 00:00:00');
INSERT INTO design VALUES(563,'1231-17','Duplex',770,'',NULL,'2017-10-26 00:00:00.000000',NULL,6,'Active',NULL,NULL,'admin','2024-07-13 00:00:00');
INSERT INTO design VALUES(564,'1211-17','Cheek Residence',770,'','Oakstone (John)','2017-09-22 00:00:00.000000',NULL,6,'Active',NULL,NULL,'admin','2024-07-13 00:00:00');
INSERT INTO design VALUES(565,'1206-17','Cosgriff Ranch',149,'',NULL,'2017-09-19 00:00:00.000000',NULL,7,'Active',NULL,NULL,'admin','2024-07-13 00:00:00');
INSERT INTO design VALUES(566,'1203-17','St. John Residence',770,'',NULL,'2017-09-15 00:00:00.000000',NULL,3,'Bid Set',NULL,NULL,'admin','2024-07-13 00:00:00');
INSERT INTO design VALUES(567,'1201-17','Miller Spec',770,'','Eric Miller (Ben)','2017-09-14 00:00:00.000000',NULL,6,'Bid Set',NULL,NULL,'admin','2024-07-13 00:00:00');
INSERT INTO design VALUES(568,'1199-17','Buckely Residence',770,'','Lansink (Ben)','2017-09-11 00:00:00.000000',NULL,7,'Bid Set',NULL,NULL,'admin','2024-07-13 00:00:00');
INSERT INTO design VALUES(569,'1200-17','Keen Addition',770,'',NULL,'2017-09-11 00:00:00.000000',NULL,7,'Bid Set',NULL,NULL,'admin','2024-07-13 00:00:00');
INSERT INTO design VALUES(570,'1197-17','Zachariades Residence',398,'1315 NE 51st Street',NULL,'2017-09-08 00:00:00.000000',NULL,6,'Active',NULL,NULL,'admin','2024-07-13 00:00:00');
INSERT INTO design VALUES(571,'1196-17','Ranch Plan',356,'','Johnson Construction','2017-09-07 00:00:00.000000',NULL,7,'Bid Set',NULL,NULL,'admin','2024-07-13 00:00:00');
INSERT INTO design VALUES(572,'1191-17','Garage Plan',61,'','Benton Construction','2017-09-01 00:00:00.000000',NULL,7,'Bid Set',NULL,NULL,'admin','2024-07-13 00:00:00');
INSERT INTO design VALUES(573,'1192-17','Ling Residence',770,'',NULL,'2017-09-01 00:00:00.000000',NULL,6,'Active',NULL,NULL,'admin','2024-07-13 00:00:00');
INSERT INTO design VALUES(574,'1180-17','Patterson Residence',699,'','Patterson Homes','2017-08-14 00:00:00.000000',NULL,7,'Bid Set',NULL,NULL,'admin','2024-07-13 00:00:00');
INSERT INTO design VALUES(575,'1181-17','Keomala Residence',770,'',NULL,'2017-08-14 00:00:00.000000',NULL,7,'Bid Set',NULL,NULL,'admin','2024-07-13 00:00:00');
INSERT INTO design VALUES(576,'1179-17','Glade Residence',770,'',NULL,'2017-08-11 00:00:00.000000',NULL,3,'Bid Set',NULL,NULL,'admin','2024-07-13 00:00:00');
INSERT INTO design VALUES(577,'1176-17','Kuennen Residence',260,'',NULL,'2017-08-10 00:00:00.000000',NULL,6,'Active',NULL,NULL,'admin','2024-07-13 00:00:00');
INSERT INTO design VALUES(578,'1177-17','Schleisman Residence',70,'','BLG Builders','2017-08-10 00:00:00.000000',NULL,7,'Bid Set',NULL,NULL,'admin','2024-07-13 00:00:00');
INSERT INTO design VALUES(579,'1171-17','Ranch',770,'',NULL,'2017-08-04 00:00:00.000000',NULL,7,'Active',NULL,NULL,'admin','2024-07-13 00:00:00');
INSERT INTO design VALUES(580,'1162-17','Duplex',770,'','Evan Blair Construction','2017-07-24 00:00:00.000000',NULL,3,'Active',NULL,NULL,'admin','2024-07-13 00:00:00');
INSERT INTO design VALUES(581,'1160-17','Dahms Residence',770,'','Jack Eaton','2017-07-19 00:00:00.000000',NULL,6,'Bid Set',NULL,NULL,'admin','2024-07-13 00:00:00');
INSERT INTO design VALUES(582,'1157-17','Stratton Residence',770,'',NULL,'2017-07-07 00:00:00.000000',NULL,3,'Bid Set',NULL,NULL,'admin','2024-07-13 00:00:00');
INSERT INTO design VALUES(583,'1148-17','Sowle Residence',770,'',NULL,'2017-06-24 00:00:00.000000',NULL,3,'Bid Set',NULL,NULL,'admin','2024-07-13 00:00:00');
INSERT INTO design VALUES(584,'1142-17','Minear Residence',668,'',NULL,'2017-06-20 00:00:00.000000',NULL,7,'Bid Set',NULL,NULL,'admin','2024-07-13 00:00:00');
INSERT INTO design VALUES(585,'1136-17','Ranch Spec',770,'',NULL,'2017-06-15 00:00:00.000000',NULL,7,'Bid Set',NULL,NULL,'admin','2024-07-13 00:00:00');
INSERT INTO design VALUES(586,'1131-17','Benton Spec 2',61,'',NULL,'2017-06-14 00:00:00.000000',NULL,7,'Bid Set',NULL,NULL,'admin','2024-07-13 00:00:00');
INSERT INTO design VALUES(587,'1132-17','Yeager Residence',770,'',NULL,'2017-06-14 00:00:00.000000',NULL,6,'Bid Set',NULL,NULL,'admin','2024-07-13 00:00:00');
INSERT INTO design VALUES(588,'1125-17','Benton Spec',61,'',NULL,'2017-06-12 00:00:00.000000',NULL,7,'Active',NULL,NULL,'admin','2024-07-13 00:00:00');
INSERT INTO design VALUES(589,'1126-17','Carlisle Schools Project House',770,'Danamere Farms Plat 5, Lot 16',NULL,'2017-06-12 00:00:00.000000',NULL,7,'Bid Set',NULL,NULL,'admin','2024-07-13 00:00:00');
INSERT INTO design VALUES(590,'1103-17','Mennen Residence',770,'','Oakwood Builders','2017-05-17 00:00:00.000000',NULL,6,'Bid Set',NULL,NULL,'admin','2024-07-13 00:00:00');
INSERT INTO design VALUES(591,'1096-17','Ranch',70,'',NULL,'2017-05-12 00:00:00.000000',NULL,6,'Bid Set',NULL,NULL,'admin','2024-07-13 00:00:00');
INSERT INTO design VALUES(592,'1072-17','Juan''s House',853,'',NULL,'2017-04-21 00:00:00.000000',NULL,7,'Active',NULL,NULL,'admin','2024-07-13 00:00:00');
INSERT INTO design VALUES(593,'1086-17','Harken Residence',770,'',NULL,'2017-04-18 00:00:00.000000',NULL,6,'Active',NULL,NULL,'admin','2024-07-13 00:00:00');
INSERT INTO design VALUES(594,'1063-17','Wilson Residence',770,'',NULL,'2017-04-07 00:00:00.000000',NULL,3,'Bid Set',NULL,NULL,'admin','2024-07-13 00:00:00');
INSERT INTO design VALUES(595,'1034-17','Ray Residence',770,'',NULL,'2017-03-17 00:00:00.000000',NULL,3,'Bid Set',NULL,NULL,'admin','2024-07-13 00:00:00');
INSERT INTO design VALUES(596,'1040-17','Krause Residence',770,'','Jeff Atwood','2017-03-08 00:00:00.000000',NULL,6,'Bid Set',NULL,NULL,'admin','2024-07-13 00:00:00');
INSERT INTO design VALUES(597,'1042-17','Kock Residence',770,'','Evan (Steve Taylor)','2017-03-08 00:00:00.000000',NULL,3,'Bid Set',NULL,NULL,'admin','2024-07-13 00:00:00');
INSERT INTO design VALUES(598,'1010-17','Mohs Residence',770,'','Scott Cregor (Dusty)','2017-01-27 00:00:00.000000',NULL,6,'Bid Set',NULL,NULL,'admin','2024-07-13 00:00:00');
INSERT INTO design VALUES(599,'1007-17','Kvale Residence',770,'Fort Dodge',NULL,'2017-01-19 00:00:00.000000',NULL,3,'Bid Set',NULL,NULL,'admin','2024-07-13 00:00:00');
INSERT INTO design VALUES(600,'1028-16','Lauck Residence',61,'',NULL,'2016-11-02 00:00:00.000000',NULL,6,'Active',NULL,NULL,'admin','2024-07-13 00:00:00');
INSERT INTO design VALUES(601,'1177-16','Hanson Residence',61,'',NULL,'2016-09-30 00:00:00.000000',NULL,6,'Bid Set',NULL,NULL,'admin','2024-07-13 00:00:00');
CREATE TABLE user_type (
	id INTEGER NOT NULL, 
	name VARCHAR(50) NOT NULL, 
	PRIMARY KEY (id), 
	UNIQUE (name)
);
INSERT INTO user_type VALUES(1,'Administrator');
INSERT INTO user_type VALUES(2,'Estimator');
INSERT INTO user_type VALUES(3,'Designer');
INSERT INTO user_type VALUES(4,'Picker');
INSERT INTO user_type VALUES(5,'Manager');
INSERT INTO user_type VALUES(6,'EWP');
INSERT INTO user_type VALUES(7,'Service Tech');
INSERT INTO user_type VALUES(8,'Installer');
INSERT INTO user_type VALUES(9,'Door Builder');
INSERT INTO user_type VALUES(10,'Sales Rep');
INSERT INTO user_type VALUES(11,'Customer');
CREATE TABLE user_security (
	user_type_id INTEGER NOT NULL, 
	admin BOOLEAN NOT NULL, 
	estimating BOOLEAN NOT NULL, 
	bid_request BOOLEAN NOT NULL, 
	design BOOLEAN NOT NULL, 
	ewp BOOLEAN NOT NULL, 
	service BOOLEAN NOT NULL, 
	install BOOLEAN NOT NULL, 
	picking BOOLEAN NOT NULL, 
	work_orders BOOLEAN NOT NULL, 
	dashboards BOOLEAN NOT NULL, 
	security_10 BOOLEAN NOT NULL, 
	security_11 BOOLEAN NOT NULL, 
	security_12 BOOLEAN NOT NULL, 
	security_13 BOOLEAN NOT NULL, 
	security_14 BOOLEAN NOT NULL, 
	security_15 BOOLEAN NOT NULL, 
	security_16 BOOLEAN NOT NULL, 
	security_17 BOOLEAN NOT NULL, 
	security_18 BOOLEAN NOT NULL, 
	security_19 BOOLEAN NOT NULL, 
	security_20 BOOLEAN NOT NULL, 
	PRIMARY KEY (user_type_id), 
	FOREIGN KEY(user_type_id) REFERENCES user_type (id)
);
INSERT INTO user_security VALUES(1,1,1,1,1,1,1,1,1,1,1,1,1,1,1,1,1,1,1,1,1,1);
INSERT INTO user_security VALUES(2,0,1,1,0,1,0,0,0,0,1,0,0,0,0,0,0,0,0,0,0,0);
INSERT INTO user_security VALUES(3,0,0,0,1,0,0,0,0,0,1,0,0,0,0,0,0,0,0,0,0,0);
INSERT INTO user_security VALUES(4,0,0,0,0,0,0,0,1,0,0,0,0,0,0,0,0,0,0,0,0,0);
INSERT INTO user_security VALUES(5,0,1,1,1,1,1,1,1,1,1,1,1,1,1,1,1,1,1,1,1,1);
INSERT INTO user_security VALUES(6,0,1,1,0,1,0,0,0,0,1,0,0,0,0,0,0,0,0,0,0,0);
INSERT INTO user_security VALUES(7,0,0,0,0,0,1,0,0,0,1,0,0,0,0,0,0,0,0,0,0,0);
INSERT INTO user_security VALUES(8,0,0,0,0,0,0,1,0,0,1,0,0,0,0,0,0,0,0,0,0,0);
INSERT INTO user_security VALUES(9,0,0,0,0,0,0,0,0,1,0,0,0,0,0,0,0,0,0,0,0,0);
INSERT INTO user_security VALUES(10,0,0,1,0,0,1,0,1,1,1,0,0,0,0,0,0,0,0,0,0,0);
INSERT INTO user_security VALUES(11,0,0,1,0,0,1,0,0,0,0,0,0,0,0,0,0,0,0,0,0,0);
CREATE TABLE sales_rep (
	id INTEGER NOT NULL, 
	name VARCHAR(100) NOT NULL, 
	username VARCHAR(100) NOT NULL, 
	PRIMARY KEY (id), 
	UNIQUE (username)
);
INSERT INTO sales_rep VALUES(1,'admin_username','admin_username');
CREATE TABLE _alembic_tmp_ewp (
	id INTEGER NOT NULL, 
	plan_number VARCHAR(255) NOT NULL, 
	address VARCHAR(255) NOT NULL, 
	notes TEXT, 
	login_date DATE NOT NULL, 
	tji_depth VARCHAR(255) NOT NULL, 
	assigned_designer VARCHAR(255) NOT NULL, 
	layout_finalized VARCHAR(255) NOT NULL, 
	agility_quote FLOAT NOT NULL, 
	imported_stellar VARCHAR(255) NOT NULL, 
	sales_rep_id INTEGER, 
	customer_id INTEGER, 
	PRIMARY KEY (id), 
	CONSTRAINT fk_sales_rep_id FOREIGN KEY(sales_rep_id) REFERENCES user (id), 
	CONSTRAINT fk_customer_id FOREIGN KEY(customer_id) REFERENCES customer (id)
);
CREATE TABLE branch (
	branch_id INTEGER NOT NULL, 
	branch_name VARCHAR(255) NOT NULL, 
	branch_code VARCHAR(255) NOT NULL, 
	branch_type INTEGER NOT NULL, 
	PRIMARY KEY (branch_id)
);
INSERT INTO branch VALUES(1,'Grimes','20GR',1);
INSERT INTO branch VALUES(2,'Fort Dodge','10FD',1);
INSERT INTO branch VALUES(3,'Coralville','40CV',1);
INSERT INTO branch VALUES(4,'Birchwood','25BW',1);
CREATE TABLE IF NOT EXISTS "user" (
	id INTEGER NOT NULL, 
	username VARCHAR(150) NOT NULL, 
	email VARCHAR(150) NOT NULL, 
	password VARCHAR(128) NOT NULL, 
	usertype_id INTEGER NOT NULL, 
	"estimatorID" INTEGER, 
	sales_rep_id INTEGER, 
	user_branch_id INTEGER, 
	PRIMARY KEY (id), 
	CONSTRAINT user_estimator_id_fkey FOREIGN KEY("estimatorID") REFERENCES estimator ("estimatorID"), 
	CONSTRAINT fk_user_sales_rep_id FOREIGN KEY(sales_rep_id) REFERENCES sales_rep (id), 
	CONSTRAINT fk_user_usertype_id FOREIGN KEY(usertype_id) REFERENCES user_type (id), 
	CONSTRAINT fk_user_branch_id FOREIGN KEY(user_branch_id) REFERENCES branch (branch_id), 
	CONSTRAINT fk_sales_rep_id FOREIGN KEY(sales_rep_id) REFERENCES sales_rep (id), 
	CONSTRAINT fk_usertype_id FOREIGN KEY(usertype_id) REFERENCES user_type (id), 
	CONSTRAINT fk_estimator_id FOREIGN KEY("estimatorID") REFERENCES estimator ("estimatorID")
);
INSERT INTO user VALUES(1,'admin_username','aaronm@beisserlumber.com','pbkdf2:sha256:260000$2uLPgItLfsdIvx8K$15f0ce8b48db297679a9317555de317f7cdb4e16aa588a784a9f7e005ee1477e',1,NULL,NULL,1);
INSERT INTO user VALUES(2,'amcgrean','amcgrean@beisserlumber.com','pbkdf2:sha256:260000$o40CgYB9jDCXcinc$87b186ece57c9a4bbbfac4a4b2c9fe5c20788b7e4e3d2ce6349be8dd0055fb32',1,9,NULL,1);
INSERT INTO user VALUES(3,'rboes','rboes@beisserlumber.com','pbkdf2:sha256:260000$4fBlkGzqS8wuyVlc$5d97a28e0eaedef5ad8a4fa1452e7f35e1befbe8a1469e7c553c1e384483cb79',2,4,NULL,1);
INSERT INTO user VALUES(4,'kpeters','kpeters@beisserlumber.com','pbkdf2:sha256:260000$k00ogOPGE9rnjYAo$f29cc276571c2a6099be0e474968189f710725c6b2c164df2ee1583324afffa1',2,1,NULL,1);
INSERT INTO user VALUES(5,'amyl','alarsen@beisserlumber.com','pbkdf2:sha256:260000$35fSWiZy75kb8gsE$745926caa30aefc0c1f7c74c1720f2a23fbbb46873047ec1cb57c39a3f7b74e1',3,6,NULL,1);
INSERT INTO user VALUES(6,'andyj','ajohnson@beisserlumber.com','pbkdf2:sha256:260000$WOquS2MHImt8TVin$55367c3aab26aa0015f42df0d2a0ed9c2cae44ebda1ee2950cf71711152f0a28',10,NULL,NULL,1);
INSERT INTO user VALUES(7,'ashleyt','athompson@beisserlumber.com','pbkdf2:sha256:260000$nknIsWSuBz1oV712$6a2d2f960ce5b9d211693303d807246e44aefb1875f0c26d1e4465825f9dbbbf',10,NULL,NULL,2);
INSERT INTO user VALUES(8,'austinb','abeard@beisserlumber.com','pbkdf2:sha256:260000$BhpeZlRf4ck12fN9$69fdd290736f481c82042be95cba708a32216fc25f390e44b11a29d6740e2e2c',10,NULL,NULL,3);
INSERT INTO user VALUES(9,'austins','asmith@beisserlumber.com','pbkdf2:sha256:260000$1AY2CNqv7epdSBvc$6a19a202fcac5b737b84bf8391ff3e6ca23ea1427d4f09615a5467aad8e86b2d',10,NULL,NULL,2);
INSERT INTO user VALUES(10,'benr','brichter@beisserlumber.com','pbkdf2:sha256:260000$ZCIJEjFCpCL4eT5p$575f2bf3a3e1250593fe549d673f8677fe2cd9d295b2b61d347215b424a550cc',10,NULL,NULL,1);
INSERT INTO user VALUES(11,'bevw','bwithers@beisserlumber.com','pbkdf2:sha256:260000$PdQicXhUEleUpZnR$7bcf0b6e99297337a53c3836fc6b4d81fef6a1820a6740f2ff52b2b368790693',10,NULL,NULL,1);
INSERT INTO user VALUES(12,'bobl','blackman@beisserlumber.com','pbkdf2:sha256:260000$FnLJsGtjutCW06wr$c584f8558d4abf370f48fb8e08ae899ef5f00f080d141999e7122717c5df6223',10,NULL,NULL,3);
INSERT INTO user VALUES(14,'andyj','ajohnson@beisserlumber.com','pbkdf2:sha256:260000$SCFS3DjSHqJSo4zE$75514b4d93a871d25dc79c2f78cd7aee5afcb30526926ff590b05fb74a17c912',10,NULL,NULL,1);
INSERT INTO user VALUES(15,'ashleyt','athompson@beisserlumber.com','pbkdf2:sha256:260000$Vi7QN3Ze9dpLsiq0$34a71a482978cd4346cd291cb80c98e990a2b0502f95eb29c6423f0acb227b84',10,NULL,NULL,2);
INSERT INTO user VALUES(16,'austinb','abeard@beisserlumber.com','pbkdf2:sha256:260000$XLSRGnOGQ92mjoFC$93fc0e7e536b12852d8a3d6375a03b38980b514fb5b02c878ccf421d89bf5eef',10,NULL,NULL,3);
INSERT INTO user VALUES(17,'austins','asmith@beisserlumber.com','pbkdf2:sha256:260000$OevaqplOLaXJ2Ot3$346c3b36096fa92378775a291c545a824db7a86efb3909e903738f2d121d5cb6',10,NULL,NULL,2);
INSERT INTO user VALUES(18,'benr','brichter@beisserlumber.com','pbkdf2:sha256:260000$kjqbXu9YGTBcXl2N$067753b426ba832414cba11ff41de884f0a8630adee13e92f6fd419163d7ae36',10,NULL,NULL,1);
INSERT INTO user VALUES(19,'bevw','bwithers@beisserlumber.com','pbkdf2:sha256:260000$MClnNZnd5CeNOEkd$3964e68102e8c4908e598f1a68549ff85a9dcc7db8a0ad731c86c698abc46417',10,NULL,NULL,1);
INSERT INTO user VALUES(20,'bobl','blackman@beisserlumber.com','pbkdf2:sha256:260000$y7PH3nDXarxUUzuv$5285fb16c004e8315c217117a92d8a7bf130397aa447e3773e5e7d596fc2a33f',10,NULL,NULL,3);
INSERT INTO user VALUES(21,'bradf','bfielding@beisserlumber.com','pbkdf2:sha256:260000$T0mRtXYZCpRh1Uhg$04ea3c8c457aacd91207c1079151ff4eb2925a6c0cfb299353f8de8fe6f74c0f',10,NULL,NULL,1);
INSERT INTO user VALUES(22,'carlaf','cfilloon@beisserlumber.com','pbkdf2:sha256:260000$IXGWKwY3NkrrIvIO$ce2ad1473d75a68eecb46bdd902c6403612c1b961aaaa522cfada57589ff44cd',10,NULL,NULL,2);
INSERT INTO user VALUES(23,'carlm','cmartin@beisserlumber.com','pbkdf2:sha256:260000$1tXtNw8PHhzXR9ud$d0361530b0bc888f84fb17ae901eee12ca40d0387d2d69a1de076a8ab2a3f63a',10,NULL,NULL,3);
INSERT INTO user VALUES(24,'chrish','chughes@beisserlumber.com','pbkdf2:sha256:260000$kuXkGGXhq3KN2y1D$03aad758c7c32a54678ce6f914cb3fd777afa644a7eabb140b2ee12b0951b2f8',10,NULL,NULL,2);
INSERT INTO user VALUES(25,'coryr','cross@beisserlumber.com','pbkdf2:sha256:260000$Hy95a2LXqVIo3qRA$83c3b4b822229b1d37b47e60513a324e108d3da7cab022d8cd9a665d85694149',10,NULL,NULL,3);
INSERT INTO user VALUES(26,'craigf','cfyfe@beisserlumber.com','pbkdf2:sha256:260000$98oE86MChPd3PIn6$102afce18cb19df453f874bc9d3b3680763d44718ece1320dd8454aed1e1c977',10,NULL,NULL,3);
INSERT INTO user VALUES(27,'davea','danker@beisserlumber.com','pbkdf2:sha256:260000$XCzzN1AXFAtqDH7T$b75a824cf84c07aa069edba84e653276978179a3dc78fec74391e1146b80c268',10,NULL,NULL,1);
INSERT INTO user VALUES(28,'daveg','dgeorge@beisserlumber.com','pbkdf2:sha256:260000$MGMvGWg8nOnVJV7K$9e9242e26a03e5397ad70934de3f6a1786971e86be38fda664a6f74c4ab38489',10,NULL,NULL,2);
INSERT INTO user VALUES(29,'davel','dling@beisserlumber.com','pbkdf2:sha256:260000$QC9Kukx2YIrVUegJ$7d98d8ccc0774704fbae81a54d7fb6f8b119b66426468b62ce11a3a17295b904',10,NULL,NULL,1);
INSERT INTO user VALUES(30,'daves','dsorenson@beisserlumber.com','pbkdf2:sha256:260000$t7jdQIM9IEItYbgM$b2c04054f35a6c80b861fa96900ce2c778ddf7f5d3ef212c159a72caf2a45495',10,NULL,NULL,2);
INSERT INTO user VALUES(31,'deanl','dlowe@beisserlumber.com','pbkdf2:sha256:260000$dCP6VWrHFUalF8q8$6361e53cd88eb3f474ca37683691d85a728c0c326df373ef259de97ed0b96e32',10,NULL,NULL,1);
INSERT INTO user VALUES(32,'denniso','doder@beisserlumber.com','pbkdf2:sha256:260000$WKvYw0al5uXPuvZ7$3cb4241cd4bdbacbe6a3af56fa166c14938ce087460431e6e0fc130c6054ca14',10,NULL,NULL,1);
INSERT INTO user VALUES(33,'dereks','dseeman@beisserlumber.com','pbkdf2:sha256:260000$erSyGZdbns3S6VEw$4ce979abc5a22561275266987856e771ad9b29b1f7825c958db9d302fe68a114',10,NULL,NULL,2);
INSERT INTO user VALUES(34,'dons','dstevens@beisserlumber.com','pbkdf2:sha256:260000$bnMysMXmmVkqxu7t$dbf4b393acdad67bc57c8564f96c1ec9044cecfea3047e94868b25730146c671',2,NULL,NULL,1);
INSERT INTO user VALUES(35,'dustye','deyerly@beisserlumber.com','pbkdf2:sha256:260000$TbueDZrvUDbXBnC8$ba95bd40aeb1315037d0e85a0f2d33db24674afd6768467d39cb8f7a80310e02',10,NULL,NULL,1);
INSERT INTO user VALUES(36,'emmar','erodgers@beisserlumber.com','pbkdf2:sha256:260000$IybXUlA3NpssWA64$6c3cdb695715218ced7f28b20d1c0b81d4bbe48a85d706ffe3624c5a3244a0b4',10,NULL,NULL,1);
INSERT INTO user VALUES(37,'ethans','estahl@beisserlumber.com','pbkdf2:sha256:260000$wTeFgiMEzOH8uiqz$d99eadf28931dfad8db83cb23654d815470a5af96ef4ed850fe383dd634d8650',10,NULL,NULL,1);
INSERT INTO user VALUES(38,'garretp','gpettyjohn@beisserlumber.com','pbkdf2:sha256:260000$ecHLWutF3SXx8NMb$ce860610d2a25aa4a5c57a492f3058e3efb07fce028c937b3009d3a5eb46db86',10,NULL,NULL,1);
INSERT INTO user VALUES(39,'grantf','gfinley@beisserlumber.com','pbkdf2:sha256:260000$CGuvDBqJHuGR2ErU$5b1e40eeca70b30f3bb4e75f4b05286bfa4c932252ec157056908c2b2bc1a99c',10,NULL,NULL,3);
INSERT INTO user VALUES(40,'isaiahs','isorenson@beisserlumber.com','pbkdf2:sha256:260000$2cyq3S6KaWgF6Q1N$d66d834a02aa73ab7a5d12660b8aeba6e7157222b137f84c6e61894779578ea7',10,NULL,NULL,2);
INSERT INTO user VALUES(41,'jacobw','jwolf@beisserlumber.com','pbkdf2:sha256:260000$XGBFmPYCWp3klMBY$5512d863f5127e258d93baba3ddb3263f424a0c917d293510c46c7c394be44cc',10,NULL,NULL,1);
INSERT INTO user VALUES(42,'jasonr','jrohlf@beisserlumber.com','pbkdf2:sha256:260000$sc2KrpYZq2Efccck$1afae84706a89ece07f1b24f050683bbb370f640804b01acc7682793e7887bde',2,NULL,NULL,3);
INSERT INTO user VALUES(43,'jc','jcking@beisserlumber.com','pbkdf2:sha256:260000$fGQ7NB0FzkVyIUmU$46b27262c2d09da746c07507735abb3383bc9d590fc8f6967366479489f770c8',2,NULL,NULL,1);
INSERT INTO user VALUES(44,'jims','jstrahl@beisserlumber.com','pbkdf2:sha256:260000$tJr1CRHUpyr1QVfi$337d1c5091de60c412c9f228aae091f65037ca785b45411181ef0d658569195f',3,NULL,NULL,1);
INSERT INTO user VALUES(45,'jimw','jwyland@beisserlumber.com','pbkdf2:sha256:260000$XGe7Jlh3ByW9tdeQ$91bedf12764311aa313af29770b0e195e36ac0a35302a9d4baf2154e26785fa8',3,NULL,NULL,1);
INSERT INTO user VALUES(46,'joeg','jgerjets@beisserlumber.com','pbkdf2:sha256:260000$Vs0tZ0mCbspF28de$9aa2e88435b239228505f1a303d5d7bc4360b55b0db752644d28a65d005240a2',3,NULL,NULL,1);
INSERT INTO user VALUES(47,'joek','jkayser@beisserlumber.com','pbkdf2:sha256:260000$TBZenTEwgJLZRITq$d532059ef3af7af3f73a2031ae691710434158b00e706187b1bc9f987b407ee4',3,NULL,NULL,2);
INSERT INTO user VALUES(48,'joes','jsokol@beisserlumber.com','pbkdf2:sha256:260000$O44RbkwAQhRT1sW7$c1d1629681e705071a74ec2f3308b33b244ec5b5d1d5256f30b2c82352d56ab1',3,NULL,NULL,1);
INSERT INTO user VALUES(49,'johnm','jmurphy@beisserlumber.com','pbkdf2:sha256:260000$PGHJkaCaZXYoO7ea$096f1d289fecd29252c73a646021c4666fc618ec2d49cfd65d378779601e38b2',3,NULL,NULL,1);
INSERT INTO user VALUES(50,'joshm','jmeyn@beisserlumber.com','pbkdf2:sha256:260000$Jd4DEUI7UJYyrVYu$f6a2734888c5ef1a04fd4096cceb28be03078e7fab3ad2f2608a68c8651564fb',3,NULL,NULL,1);
INSERT INTO user VALUES(51,'justinn','jnicholson@beisserlumber.com','pbkdf2:sha256:260000$mbGnx2fqVAJ4orPJ$1d14356acdfd2a6165e8684fa78c8bd287c6aa046457633d92c32109796904df',3,NULL,NULL,3);
INSERT INTO user VALUES(52,'justons','jsmith@beisserlumber.com','pbkdf2:sha256:260000$S2b1p0wWZstwbHHa$52a90698beb9780c7ab799b3818a522437fd729e3e077d08edc84b7c8bc906ca',6,NULL,NULL,1);
INSERT INTO user VALUES(53,'kevink','kkubli@beisserlumber.com','pbkdf2:sha256:260000$RAJcHlGgCEH7UyQa$06699d619ec3c5d5ae045a681402aed1368902214943e2a0afbd3efd428d543a',7,NULL,NULL,1);
INSERT INTO user VALUES(54,'kevinv','kvanderzwaag@beisserlumber.com','pbkdf2:sha256:260000$EuR4hwTMnxUP5ytY$6cf6179e50c06203911e0d5ad7e69540e4c7533a0a001f60da6e49d4a7d4e3b1',10,NULL,NULL,1);
INSERT INTO user VALUES(55,'lancev','lvanwyk@beisserlumber.com','pbkdf2:sha256:260000$AGuX2Th2RJIzFnmf$e1b7e0d378573388b3e26313f4ea7a2eff8b7c59d24d3879f800f08d703c2c5c',10,NULL,NULL,1);
INSERT INTO user VALUES(56,'larrym','lmiller@beisserlumber.com','pbkdf2:sha256:260000$1XSlWARBCoAM3L3q$f86519804f90dbfd62f211ae336f60e9610231a5aaeafbd406389099debc0abe',10,NULL,NULL,3);
INSERT INTO user VALUES(57,'leer','lroe@beisserlumber.com','pbkdf2:sha256:260000$7dQuBaXNBIDN4bzL$660eea5469b6c1f962efc03d955b0f4996974ac5c62bb45173c545a907befd8b',10,NULL,NULL,1);
INSERT INTO user VALUES(58,'markg','mguthrie@beisserlumber.com','pbkdf2:sha256:260000$lKVzemhFSG2EUl88$ef15f950920bd02f4ac17b18aa0cb8147f9be783a952ea4ff9186ae8a1b9a3c8',10,NULL,NULL,1);
INSERT INTO user VALUES(59,'markt','mtrowbridge@beisserlumber.com','pbkdf2:sha256:260000$pO5cuGpCBXiIR7YM$4b4d083e89f7c592cff351ffadfdf46a9a22081f0b87871e40d4829270e0ad18',10,NULL,NULL,1);
INSERT INTO user VALUES(60,'maryh','mhowe@beisserlumber.com','pbkdf2:sha256:260000$UrGnqV5txMBHG9H5$b0b91b618247d6bb434c0d5dc1d205831c6b9d5b159c9f71ec097e3228a00d8b',10,NULL,NULL,1);
INSERT INTO user VALUES(61,'mattb','kvanderzwaag@beisserlumber.com','pbkdf2:sha256:260000$Mjji3hdamOgm4trj$19626959e8f230d09bc696a542ab72b61c09737a9c1b1067fb6874d48ea7a944',10,NULL,NULL,1);
INSERT INTO user VALUES(62,'matte','meldeen@beisserlumber.com','pbkdf2:sha256:260000$XsB6A8Yxl2VvomSE$fe50ee84e1c162cc2605144df8787c091a07e9caf2dd3453c6310e035fa3b414',10,NULL,NULL,3);
INSERT INTO user VALUES(63,'matth','mhackett@beisserlumber.com','pbkdf2:sha256:260000$tVaHwTNfv4zDVAAD$4180f70ec579ee089d506c8d6d1bad917716e75c2e7ac523b152d7b9005f6cb4',10,NULL,NULL,1);
INSERT INTO user VALUES(64,'michaelas','mstephens@beisserlumber.com','pbkdf2:sha256:260000$nzA7MmDnCw2IuNrk$eed9a909d9a96bfffc43be04d47c150e2691dca5e55147e839e9b618c102afe5',10,NULL,NULL,2);
INSERT INTO user VALUES(65,'mickf','mfulwider@beisserlumber.com','pbkdf2:sha256:260000$5B9iMc7CLRkXX3D9$46067310cacc2b59825c89794b0ffe33db84d790868b9e2abaedafd05174cb63',10,NULL,NULL,2);
INSERT INTO user VALUES(66,'mikeb','mblevins@beisserlumber.com','pbkdf2:sha256:260000$RjXPWNSGA8KyCXSp$0a37a2f4d8ad40fe0cd27d0c42250faa24c42e001bb2d58aefb1d40f9ba1288b',10,NULL,NULL,1);
INSERT INTO user VALUES(67,'mikes','mschmit@beisserlumber.com','pbkdf2:sha256:260000$hKO9KOLJMCuEYvfZ$51b7d1e510f3a117478fce89e8a1847341543b59bcfc6560e8cb3ca57d60165a',10,NULL,NULL,1);
INSERT INTO user VALUES(68,'mikew','mwagenknecht@beisserlumber.com','pbkdf2:sha256:260000$1zdllfnmyK9agnSY$de0cef7ccd8865acc2ee70f4342c22998503b672cf6e373f4c7bab4ad0c7f6a2',10,NULL,NULL,1);
INSERT INTO user VALUES(69,'pauln','pneal@beisserlumber.com','pbkdf2:sha256:260000$mLWhZDljgT7crUx4$c66717aeb0dbb40a659712764c9f95adbd0ff86d92efc808871517aa674f438d',10,NULL,NULL,1);
INSERT INTO user VALUES(70,'peter','pross@beisserlumber.com','pbkdf2:sha256:260000$8UZOIZGNrcGKSmdv$199a78ad1378865dc5a96ec3d65376766c43561c778fc88320f897e50245b4e2',10,NULL,NULL,1);
INSERT INTO user VALUES(71,'pj','pjphillips@beisserlumber.com','pbkdf2:sha256:260000$t9RjHxZOeSh4D2V7$ed16acfb3d4d332b191a4d91f4906ba0e338a476b6fab3b901c69d1a7df34bd6',10,NULL,NULL,1);
INSERT INTO user VALUES(72,'pjs','pstoppleworth@beisserlumber.com','pbkdf2:sha256:260000$ySlCGpnXldhjkcFz$68f015a1433fc654dbe10318f914608a9da7bf906581e03932be0a13df3e2c7e',10,NULL,NULL,3);
INSERT INTO user VALUES(73,'reedh','rhillenga@beisserlumber.com','pbkdf2:sha256:260000$a6PZcLJqa9ivNlx6$bcdd122eba26e272f8d56a4de11c94a471b63c7571f0fc8a3b8a555bafabb102',10,NULL,NULL,1);
INSERT INTO user VALUES(74,'robw','rwalker@beisserlumber.com','pbkdf2:sha256:260000$FTYC4UKM5H0HDDfi$74f5bcb1c7e40559ddce89f42dd08451f21b3d8bcdfb9b0cf37c6254cf515b44',10,NULL,NULL,1);
INSERT INTO user VALUES(75,'sarab','sbrent@beisserlumber.com','pbkdf2:sha256:260000$a32X1hheVNKy4lKL$b23b3980c1cd46af418e07745ca173b0f21669476d0e7ead2926cb25cfe229ed',10,NULL,NULL,1);
INSERT INTO user VALUES(76,'shanel','slangos@beisserlumber.com','pbkdf2:sha256:260000$tbFQLO5jyf7pSt7A$b50cc905f0dde9f2350b66de99cf4154df60d28cd82544bba90b9ef944795619',10,NULL,NULL,1);
INSERT INTO user VALUES(77,'spencerl','slackman@beisserlumber.com','pbkdf2:sha256:260000$Ovppa9sHyVRjow6v$59d398da28135c8b338ebd068817e0af95b7bba4632e4b8e6062294b1177f437',10,NULL,NULL,3);
INSERT INTO user VALUES(78,'stevek','skeiser@beisserlumber.com','pbkdf2:sha256:260000$Ndddx9lwRt7VLbqi$b1f872ef1f254bfc91e5b22390bdf3707344f42df9e9a35186967323d266de18',10,NULL,NULL,1);
INSERT INTO user VALUES(79,'steves','ssnyder@beisserlumber.com','pbkdf2:sha256:260000$br5Sngmr5rac6PXx$7e2533fcd7107f9d656df341a8ca896fb1792e5e3a2aa3732eabe12e70d87f21',10,NULL,NULL,3);
INSERT INTO user VALUES(80,'stevet','staylor@beisserlumber.com','pbkdf2:sha256:260000$J4zT5yBq8MLGA2am$636050b83c453e30d3fdd83bd6171c5328bec039afac1d6f0363c2d355d7c7c0',10,NULL,NULL,1);
INSERT INTO user VALUES(81,'timc','tcory@beisserlumber.com','pbkdf2:sha256:260000$djfL3oJAG875pTZq$cde0fe283a53c736a827213a82397f9bf42353e32eb6380bda5e1f390828ad69',10,NULL,NULL,1);
INSERT INTO user VALUES(82,'timh','tharmeyer@beisserlumber.com','pbkdf2:sha256:260000$QmUjSJHCrlVv0uO0$8a92ff84e857796cac8577d0823edaccd849884f20eb10b466559511733b8bdf',10,NULL,NULL,1);
INSERT INTO user VALUES(83,'tj','tgreiner@beisserlumber.com','pbkdf2:sha256:260000$N8dWBaBnCCFdzf8B$07ece04395e14696a96bd7bda5e0769a5c6f016dbd54a6a74ff8213cd615858c',10,NULL,NULL,1);
INSERT INTO user VALUES(84,'tomn','tnahas@beisserlumber.com','pbkdf2:sha256:260000$zS33Aoq2SByf1uuE$b5d839da4674ff74b4927fdda353987e7b8def87304b42e1e2a9757846ceb2db',10,NULL,NULL,1);
INSERT INTO user VALUES(85,'wesh','wharper@beisserlumber.com','pbkdf2:sha256:260000$4acl0bXhHBMsNHwf$3d1a64ef111d1e1b3fdd1e8224ede8e62971ea1e58826349d4b03cd05800ab16',10,NULL,NULL,1);
INSERT INTO user VALUES(86,'zachl','zlindner@beisserlumber.com','pbkdf2:sha256:260000$OKoT3Fxn0F56SssX$2ba2b7c2ed51d9f49dbdf92ca097e8d17bd186e564a19bb68381083744d80e76',10,NULL,NULL,2);
INSERT INTO user VALUES(87,'zacl','zlamb@beisserlumber.com','pbkdf2:sha256:260000$qbWn1cdXdpEP8uY8$4dcad4e3f2a8063baa4e948024fbefc1b52d029d53bb081bb00a6139db6864ef',10,NULL,NULL,1);
CREATE TABLE IF NOT EXISTS "ewp" (
	id INTEGER NOT NULL, 
	plan_number VARCHAR(255) NOT NULL, 
	sales_rep_id INTEGER, 
	customer_id INTEGER NOT NULL, 
	address VARCHAR(255) NOT NULL, 
	notes TEXT, 
	login_date DATE NOT NULL, 
	tji_depth VARCHAR(255) NOT NULL, 
	assigned_designer VARCHAR(255), 
	layout_finalized DATE, 
	agility_quote DATE, 
	imported_stellar DATE, 
	last_updated_by VARCHAR(150), 
	last_updated_at DATETIME, 
	PRIMARY KEY (id), 
	FOREIGN KEY(sales_rep_id) REFERENCES user (id), 
	FOREIGN KEY(customer_id) REFERENCES customer (id)
);
INSERT INTO ewp VALUES(101,'19-0306',NULL,1156,'Fort Dodge','','2019-07-31','9','','2019-08-07','2019-08-07',NULL,NULL,'2024-07-23 20:41:27.016430');
INSERT INTO ewp VALUES(102,'19-0373',NULL,1156,'Algona','','2019-09-05','11','','2019-09-13','2019-09-13',NULL,NULL,'2024-07-23 20:41:27.016438');
INSERT INTO ewp VALUES(103,'19-0068',NULL,1157,'1201 Ironwood Lane','230 series, LVL over garage upset,','2019-04-01','11','','2019-04-03','2019-04-03',NULL,NULL,'2024-07-23 20:41:27.016440');
INSERT INTO ewp VALUES(104,'19-0134',NULL,1157,'609 Leslie','','2019-04-29','11','','2019-04-29','2019-04-29',NULL,NULL,'2024-07-23 20:41:27.016442');
INSERT INTO ewp VALUES(105,'19-0165',NULL,1157,'565 Fawn','360 series above rec, no flush hdrs','2019-05-14','11','','2019-05-24','2019-05-24',NULL,NULL,'2024-07-23 20:41:27.016444');
INSERT INTO ewp VALUES(106,'19-0166',NULL,1157,'567 Fawn','all 230 series, no flush hdrs','2019-05-14','11','','2019-05-28','2019-05-28',NULL,NULL,'2024-07-23 20:41:27.016446');
INSERT INTO ewp VALUES(107,'19-0167',NULL,1157,'569 Fawn','all 230 series, no flush hdrs','2019-05-14','11','','2019-05-28','2019-05-28',NULL,NULL,'2024-07-23 20:41:27.016449');
INSERT INTO ewp VALUES(108,'19-0168',NULL,1157,'571 Fawn','all 230 series, no flush hdrs, dbls under island','2019-05-14','11','','2019-05-28','2019-05-28',NULL,NULL,'2024-07-23 20:41:27.016451');
INSERT INTO ewp VALUES(109,'19-0169',NULL,1157,'573 Fawn','all 230 series, no flush hdrs','2019-05-14','11','','2019-05-28','2019-05-28',NULL,NULL,'2024-07-23 20:41:27.016453');
INSERT INTO ewp VALUES(110,'19-0269',NULL,1157,'4002 Olivia','dbls under island, rear flush hdrs','2019-07-16','11','','2019-07-17','2019-07-17',NULL,NULL,'2024-07-23 20:41:27.016454');
INSERT INTO ewp VALUES(111,'19-0270',NULL,1157,'4050 Olivia','','2019-07-16','11','','2019-07-17','2019-07-17',NULL,NULL,'2024-07-23 20:41:27.016456');
INSERT INTO ewp VALUES(112,'19-0003',NULL,662,'2005 NW Greenwood Court','','2019-01-15','14','Yes','2019-01-10','2019-01-10','2019-03-06',NULL,'2024-07-23 20:41:27.044607');
INSERT INTO ewp VALUES(113,'19-0004',NULL,312,'920 Ballard Drive','','2019-01-15','11','Yes','2019-01-14','2019-01-14','2019-01-21',NULL,'2024-07-23 20:41:27.044613');
INSERT INTO ewp VALUES(114,'19-0315',NULL,1157,'4026 Olivia','similar to 1152 Manitou, above garage 230''s?','2019-08-07','11','','2019-08-08','2019-08-08',NULL,NULL,'2024-07-23 20:41:27.045066');
INSERT INTO ewp VALUES(115,'19-0380',NULL,1157,'4061 Olivia','headers','2019-09-09','11','','2019-09-18','2019-09-18',NULL,NULL,'2024-07-23 20:41:27.045070');
INSERT INTO ewp VALUES(116,'19-0381',NULL,1157,'4077 Olivia','','2019-09-09','11','','2019-09-18','2019-09-18',NULL,NULL,'2024-07-23 20:41:27.045071');
INSERT INTO ewp VALUES(117,'19-0382',NULL,1157,'281 Danielle','','2019-09-09','11','','2019-09-18','2019-09-18',NULL,NULL,'2024-07-23 20:41:27.045073');
INSERT INTO ewp VALUES(118,'19-0406',NULL,1157,'263 Danielle','no indeck hdrs','2019-09-26','11','','2019-10-10','2019-10-10',NULL,NULL,'2024-07-23 20:41:27.045074');
INSERT INTO ewp VALUES(119,'19-0407',NULL,1157,'269 Danielle','3 indeck hdrs','2019-09-26','11','','2019-10-10','2019-10-10',NULL,NULL,'2024-07-23 20:41:27.045075');
INSERT INTO ewp VALUES(120,'19-0421',NULL,1157,'287 Danielle','bed3 and rec need flush hdr','2019-10-07','11','','2019-10-10','2019-10-10',NULL,NULL,'2024-07-23 20:41:27.045076');
INSERT INTO ewp VALUES(121,'19-0433',NULL,1157,'275 Daneille','','2019-10-11','11','','2019-10-11','2019-10-11',NULL,NULL,'2024-07-23 20:41:27.045077');
INSERT INTO ewp VALUES(122,'19-0435',NULL,1157,'4089 Olivia','no flush hdrs','2019-10-11','11','','2019-10-24','2019-10-24',NULL,NULL,'2024-07-23 20:41:27.045079');
INSERT INTO ewp VALUES(123,'19-0458',NULL,1157,'601-607 Catherine','dbls where indicated','2019-10-25','11','','2019-11-13','2019-11-13',NULL,NULL,'2024-07-23 20:41:27.045095');
INSERT INTO ewp VALUES(124,'19-0183',NULL,10,'3083 Valley View Drive','Queen XL','2019-05-22','11','','2019-06-07','2019-06-07',NULL,NULL,'2024-07-23 20:41:27.045098');
INSERT INTO ewp VALUES(125,'19-0444',NULL,10,'3820 Sandstone Point','','2019-10-18','11','','2019-11-04','2019-11-04',NULL,NULL,'2024-07-23 20:41:27.045100');
INSERT INTO ewp VALUES(126,'19-0478',NULL,10,'10130 Bolton Place','','2019-11-12','11','','2019-12-09','2019-12-09',NULL,NULL,'2024-07-23 20:41:27.045102');
INSERT INTO ewp VALUES(127,'19-0485',NULL,10,'3478 NE 178th','For Approval','2019-11-18','14','','2019-11-21','2019-11-21',NULL,NULL,'2024-07-23 20:41:27.045104');
INSERT INTO ewp VALUES(128,'20-0095',NULL,10,'3511 NW 178th','hand drawn changes','2020-04-01','11','','2020-04-07','2020-04-07',NULL,NULL,'2024-07-23 20:41:27.045106');
INSERT INTO ewp VALUES(129,'20-0280',NULL,10,'3557 NW 178th Street','','2020-07-07','11','','2020-07-08','2020-07-08',NULL,NULL,'2024-07-23 20:41:27.045108');
INSERT INTO ewp VALUES(130,'20-0312',NULL,10,'17824 Madison Drive','','2020-07-20','11','','2020-07-29','2020-07-29',NULL,NULL,'2024-07-23 20:41:27.045110');
INSERT INTO ewp VALUES(131,'20-0484',NULL,10,'3579 NW 178th Street','added a steel beam','2020-09-23','11','','2020-10-07','2020-10-07',NULL,NULL,'2024-07-23 20:41:27.045113');
INSERT INTO ewp VALUES(132,'19-0023',NULL,312,'924 Ballard','','2019-02-19','11','Yes','2019-03-04','2019-03-04','2019-03-05',NULL,'2024-07-23 20:41:27.045822');
INSERT INTO ewp VALUES(133,'20-0528',NULL,10,'2601 83rd Lane','','2020-10-07','11','','2020-10-22','2020-10-22',NULL,NULL,'2024-07-23 20:41:27.046173');
INSERT INTO ewp VALUES(134,'19-0025',NULL,312,'1008 Ballard','same as 606 prairie view drive- kaeden','2019-02-28','11','Yes','2019-03-12','2019-03-12','2019-03-19',NULL,'2024-07-23 20:41:27.046294');
INSERT INTO ewp VALUES(135,'19-0026',NULL,276,'3315 Valley View Drive','','2019-03-01','11','Yes','2019-03-01','2019-03-01','2019-03-04',NULL,'2024-07-23 20:41:27.046296');
INSERT INTO ewp VALUES(136,'20-0542',NULL,10,'17751 Phoenix Drive','10123 queensland "redline"','2020-10-13','11','','2020-10-28','2020-10-28',NULL,NULL,'2024-07-23 20:41:27.046413');
INSERT INTO ewp VALUES(137,'21-168',NULL,10,'3440 NW 178th St','','2021-04-09','11.875','','2021-05-10','2021-05-10',NULL,NULL,'2024-07-23 20:41:27.046416');
INSERT INTO ewp VALUES(138,'21-407',NULL,10,'18354 Tanglewood','ranch, load bearing deck cantilever','2021-10-21','11.875','Higgins','2021-10-29','2021-10-29',NULL,NULL,'2024-07-23 20:41:27.046417');
INSERT INTO ewp VALUES(139,'21-504',NULL,10,'18080 Alpine Drive ','Ranch','2022-02-15','9.5','FP2-15','2022-02-16','2022-02-18',NULL,NULL,'2024-07-23 20:41:27.046418');
INSERT INTO ewp VALUES(140,'19-0031',NULL,312,'606 Prairie View Drive','','2019-03-12','11','Yes','2019-03-12','2019-03-12','2019-04-02',NULL,'2024-07-23 20:41:27.046550');
INSERT INTO ewp VALUES(141,'19-0032',NULL,312,'214 Parkview Drive','','2019-03-12','11','Yes','2019-03-12','2019-03-12','2019-03-26',NULL,'2024-07-23 20:41:27.046552');
INSERT INTO ewp VALUES(142,'19-0033',NULL,312,'614 Prairie View Drive','','2019-03-12','11','Yes','2019-03-13','2019-03-13','2019-03-20',NULL,'2024-07-23 20:41:27.046553');
INSERT INTO ewp VALUES(143,'19-0034',NULL,312,'608 Prairie View','','2019-03-12','11','Yes','2019-03-13','2019-03-13','2019-03-25',NULL,'2024-07-23 20:41:27.046554');
INSERT INTO ewp VALUES(144,'21-505',NULL,10,'18151 Alpine Drive ','2 Story','2022-02-15','11.875','FP2-15','2022-02-16','2022-02-18',NULL,NULL,'2024-07-23 20:41:27.046701');
INSERT INTO ewp VALUES(145,'21-513',NULL,10,'17953 Alpine Dr. ','2 Story','2022-02-21','11.875','FP Repeat','2022-02-21','2022-02-25',NULL,NULL,'2024-07-23 20:41:27.046703');
INSERT INTO ewp VALUES(146,'21-514',NULL,10,'18065 Alpine Dr. ','2 Story','2022-02-21','11.875','FP Repeat','2022-02-21','2022-02-25',NULL,NULL,'2024-07-23 20:41:27.046704');
INSERT INTO ewp VALUES(147,'21-532',NULL,10,'18074 Alpine ','Ranch','2022-03-08','11.875','Karl- Repeat','2022-03-08','2022-03-10',NULL,NULL,'2024-07-23 20:41:27.046706');
INSERT INTO ewp VALUES(148,'21-703',NULL,770,'2649 Hull Ave ','2 Story','2022-08-19','11.875','Hackett','2022-08-22','2022-08-22',NULL,NULL,'2024-07-23 20:41:27.046707');
INSERT INTO ewp VALUES(149,'19-0040',NULL,321,'1565 1571 Primrose Dr SE','','2019-03-18','9','Yes','2019-03-28','2019-03-28','2019-04-09',NULL,'2024-07-23 20:41:27.046835');
INSERT INTO ewp VALUES(150,'19-0041',NULL,321,'6240 NE 8th Ct','','2019-03-18','11','Yes','2019-03-28','2019-03-28','2019-04-10',NULL,'2024-07-23 20:41:27.046837');
INSERT INTO ewp VALUES(151,'19-0042',NULL,321,'6225 NE 9th Ct','','2019-03-18','11','Yes','2019-03-28','2019-03-28','2019-04-09',NULL,'2024-07-23 20:41:27.046839');
INSERT INTO ewp VALUES(152,'19-0043',NULL,321,'9416 Valley Parkway','','2019-03-18','11.875','','2019-03-29','2019-03-29',NULL,NULL,'2024-07-23 20:41:27.047351');
INSERT INTO ewp VALUES(153,'19-0044',NULL,321,'930 Juniper Drive','','2019-03-18','11','','2019-03-29','2019-03-29',NULL,NULL,'2024-07-23 20:41:27.047353');
INSERT INTO ewp VALUES(154,'19-0045',NULL,321,'1141 S 92nd Street','','2019-03-18','11','','2019-03-29','2019-03-29',NULL,NULL,'2024-07-23 20:41:27.047354');
INSERT INTO ewp VALUES(155,'19-0046',NULL,321,'1152 1158 Atticus Street','','2019-03-18','11','','2019-03-29','2019-03-29',NULL,NULL,'2024-07-23 20:41:27.047355');
INSERT INTO ewp VALUES(156,'21-661',NULL,14,'2808 NW Cedarwood','Ranch','2022-07-05','11.875','Karl','2022-07-11','2022-07-11',NULL,NULL,'2024-07-23 20:41:27.047357');
INSERT INTO ewp VALUES(157,'19-0349',NULL,136,'65004 Joplin Road','$5170.75','2019-08-22','11','','2019-09-17','2019-09-17',NULL,NULL,'2024-07-23 20:41:27.047358');
INSERT INTO ewp VALUES(158,'20-0336',NULL,770,'8033 104th Court','LS Truss Coordinate','2020-07-30','11','','2020-08-04','2020-08-04',NULL,NULL,'2024-07-23 20:41:27.047359');
INSERT INTO ewp VALUES(159,'19-0198',NULL,33,'2070 170th Court','','2019-05-30','9','','2019-06-05','2019-06-05',NULL,NULL,'2024-07-23 20:41:27.047360');
INSERT INTO ewp VALUES(160,'19-0239',NULL,33,'1508 W Iowa','Upper Floor Only','2019-06-19','9','','2019-06-25','2019-06-25',NULL,NULL,'2024-07-23 20:41:27.047361');
INSERT INTO ewp VALUES(161,'19-0052',NULL,33,'6254 NE 8th Court','Glennview','2019-03-20','11','','2019-04-04','2019-04-04',NULL,NULL,'2024-07-23 20:41:27.047362');
INSERT INTO ewp VALUES(162,'20-0139',NULL,33,'123 East Grace Street','','2020-04-24','11','','2020-04-30','2020-04-30',NULL,NULL,'2024-07-23 20:41:27.047363');
INSERT INTO ewp VALUES(163,'19-0391',NULL,770,'204 15th Street','they hav 20pc of 2nd floor joist','2019-09-13','11','','2019-09-24','2019-09-24',NULL,NULL,'2024-07-23 20:41:27.047365');
INSERT INTO ewp VALUES(164,'21-694',NULL,50,'1710 SE 55th ','Ranch ','2022-08-17','14','Karl ','2022-08-18','2022-08-18',NULL,NULL,'2024-07-23 20:41:27.047366');
INSERT INTO ewp VALUES(165,'19-0056',NULL,321,'1340 Tuscany Drive SE','Plan address WRONG!','2019-03-25','9','','2019-03-26','2019-03-26',NULL,NULL,'2024-07-23 20:41:27.047367');
INSERT INTO ewp VALUES(166,'19-0057',NULL,662,'3319 NE 8th Street','','2019-03-26','14','','2019-04-01','2019-04-01',NULL,NULL,'2024-07-23 20:41:27.047368');
INSERT INTO ewp VALUES(167,'21-1334',NULL,868,'28278 Prospect Ave ','Ranch','2024-02-28','14','Karl','2024-03-06','2024-03-06',NULL,NULL,'2024-07-23 20:41:27.047369');
INSERT INTO ewp VALUES(168,'20-0233',NULL,58,'2500 N 7th Place East','Rio 3 Car, TJI110''s','2020-06-15','11','','2020-06-23','2020-06-23',NULL,NULL,'2024-07-23 20:41:27.047370');
INSERT INTO ewp VALUES(169,'20-0234',NULL,58,'2510 N 7th Place East','Rio 3 car, TJI110''s','2020-06-15','11','','2020-06-23','2020-06-23',NULL,NULL,'2024-07-23 20:41:27.047371');
INSERT INTO ewp VALUES(170,'20-0235',NULL,58,'2506 N 7th Place East','Reece 3 Car, TJI110''s','2020-06-15','11','','2020-06-23','2020-06-23',NULL,NULL,'2024-07-23 20:41:27.047373');
INSERT INTO ewp VALUES(171,'20-0236',NULL,58,'2511 N 7th Place East','Ella 3 Car, TJI 110''s','2020-06-15','11','','2020-06-23','2020-06-23',NULL,NULL,'2024-07-23 20:41:27.047374');
INSERT INTO ewp VALUES(172,'20-0270',NULL,58,'173 Aspen Drive','1st $1443.60,   2nd $1933.40  IVY  Plan, 110''s','2020-07-02','11','','2020-07-07','2020-07-07',NULL,NULL,'2024-07-23 20:41:27.047375');
INSERT INTO ewp VALUES(173,'19-0064',NULL,58,'1404-1416 SW Campus Lane','Charleston- Reilly 4 Plex','2019-03-29','11','','2019-04-04','2019-04-04',NULL,NULL,'2024-07-23 20:41:27.047376');
INSERT INTO ewp VALUES(174,'19-0065',NULL,58,'1483-1489 Indigo Drive SE','Charleston Duplex','2019-03-29','9','','2019-04-04','2019-04-04',NULL,NULL,'2024-07-23 20:41:27.047377');
INSERT INTO ewp VALUES(175,'19-0066',NULL,58,'9400 9428 Primo Lane','Forrester Duplex','2019-03-29','11','','2019-04-05','2019-04-05',NULL,NULL,'2024-07-23 20:41:27.047378');
INSERT INTO ewp VALUES(176,'19-0067',NULL,58,'6292 NE 8th Court','Melrose','2019-04-01','11','','2019-04-05','2019-04-05',NULL,NULL,'2024-07-23 20:41:27.047379');
INSERT INTO ewp VALUES(177,'20-0271',NULL,58,'413 Clarke Lane NE','110''s','2020-07-02','11','','2020-07-07','2020-07-07',NULL,NULL,'2024-07-23 20:41:27.047380');
INSERT INTO ewp VALUES(178,'19-0069',NULL,58,'716 718 Aussie Drive','Charleston Duplex','2019-04-02','9','','2019-04-05','2019-04-05',NULL,NULL,'2024-07-23 20:41:27.047382');
INSERT INTO ewp VALUES(179,'19-0070',NULL,58,'818 824 Sawgrass Drive','Bristow Duplex','2019-04-02','11','','2019-04-05','2019-04-05',NULL,NULL,'2024-07-23 20:41:27.047383');
INSERT INTO ewp VALUES(180,'19-0071',NULL,58,'1708 15th Ave SE','Fraser Plus','2019-04-02','9','','2019-04-05','2019-04-05',NULL,NULL,'2024-07-23 20:41:27.047384');
INSERT INTO ewp VALUES(181,'20-0272',NULL,58,'126 Aspen Drive','IVY Plan see prior address, 110''s','2020-07-02','11','','2020-07-07','2020-07-07',NULL,NULL,'2024-07-23 20:41:27.047385');
INSERT INTO ewp VALUES(182,'20-0322',NULL,58,'189 Aspen','Quinn, 110''s','2020-07-22','11','','2020-08-03','2020-08-03',NULL,NULL,'2024-07-23 20:41:27.047386');
INSERT INTO ewp VALUES(183,'20-0323',NULL,58,'125 Aspen','Ivy, 1st $1443.60, 2nd $1933.40','2020-07-22','11','','2020-08-03','2020-08-03',NULL,NULL,'2024-07-23 20:41:27.047387');
INSERT INTO ewp VALUES(184,'20-0324',NULL,58,'121 Aspen','1st $2135.70, 2nd $2529.85','2020-07-22','9','','2020-07-31','2020-07-31',NULL,NULL,'2024-07-23 20:41:27.047388');
INSERT INTO ewp VALUES(185,'19-0076',NULL,58,'1312 NW Cypress','','2019-04-02','11','','2019-04-10','2019-04-10',NULL,NULL,'2024-07-23 20:41:27.047389');
INSERT INTO ewp VALUES(186,'19-0077',NULL,58,'9600 Marnewood Drive','Hunter Rental','2019-04-03','9','','2019-04-12','2019-04-12',NULL,NULL,'2024-07-23 20:41:27.047391');
INSERT INTO ewp VALUES(187,'19-0078',NULL,58,'9209 Cody Drive','Fraser Plus, 1st out','2019-04-03','9','','2019-04-12','2019-04-12',NULL,NULL,'2024-07-23 20:41:27.047392');
INSERT INTO ewp VALUES(188,'19-0079',NULL,58,'9117 Cody Drive','Joice Rental, 1st out','2019-04-03','14','','2019-04-12','2019-04-12',NULL,NULL,'2024-07-23 20:41:27.047395');
INSERT INTO ewp VALUES(189,'20-0365',NULL,58,'845 Sandstone Point','Markayla II, 110''s','2020-08-12','11','','2020-08-31','2020-08-31',NULL,NULL,'2024-07-23 20:41:27.047396');
INSERT INTO ewp VALUES(190,'19-0081',NULL,58,'707 Aussie Drive','Forrester','2019-04-04','11','','2019-04-15','2019-04-15',NULL,NULL,'2024-07-23 20:41:27.047397');
INSERT INTO ewp VALUES(191,'19-0082',NULL,58,'975 Juniper Drive','Fraser Plus','2019-04-04','9','','2019-04-15','2019-04-15',NULL,NULL,'2024-07-23 20:41:27.047399');
INSERT INTO ewp VALUES(192,'19-0083',NULL,58,'9334 Valley Parkway','Joice Rental','2019-04-04','14','','2019-04-15','2019-04-15',NULL,NULL,'2024-07-23 20:41:27.047400');
INSERT INTO ewp VALUES(193,'19-0084',NULL,58,'9342 Valley Parkway','Fraser Plus','2019-04-04','9','','2019-04-15','2019-04-15',NULL,NULL,'2024-07-23 20:41:27.047401');
INSERT INTO ewp VALUES(194,'20-0366',NULL,58,'870 Sandstone Point','Rio 3, 110''s','2020-08-12','11','','2020-08-31','2020-08-31',NULL,NULL,'2024-07-23 20:41:27.047402');
INSERT INTO ewp VALUES(195,'20-0367',NULL,58,'835 Sandstone Point','Anthony','2020-08-12','9','','2020-09-01','2020-09-01',NULL,NULL,'2024-07-23 20:41:27.047403');
INSERT INTO ewp VALUES(196,'19-0087',NULL,58,'712 Brayton Street','1st out','2019-04-05','11','','2019-04-16','2019-04-16',NULL,NULL,'2024-07-23 20:41:27.047404');
INSERT INTO ewp VALUES(197,'20-0368',NULL,58,'815 Sandstone Point','Reece 3, 110''s','2020-08-12','11','','2020-09-01','2020-09-01',NULL,NULL,'2024-07-23 20:41:27.047405');
INSERT INTO ewp VALUES(198,'19-0089',NULL,58,'5508 165th Street','Hunter','2019-04-09','9','','2019-04-17','2019-04-17',NULL,NULL,'2024-07-23 20:41:27.047407');
INSERT INTO ewp VALUES(199,'19-0090',NULL,58,'5504 165th Street','Fraser Plus','2019-04-09','9','','2019-04-15','2019-04-15',NULL,NULL,'2024-07-23 20:41:27.047408');
INSERT INTO ewp VALUES(200,'19-0104',NULL,58,'980 Juniper Drive','Joice Rental','2019-04-12','14','','2019-04-15','2019-04-15',NULL,NULL,'2024-07-23 20:41:27.047409');
INSERT INTO ewp VALUES(201,'19-0105',NULL,58,'6318 NE 8th Court','Hunter Rental','2019-04-12','9','','2019-04-15','2019-04-15',NULL,NULL,'2024-07-23 20:41:30.454999');
INSERT INTO ewp VALUES(202,'20-0416',NULL,58,'181 Aspen Drive','Quinn, 110''s','2020-08-26','11','','2020-09-09','2020-09-09',NULL,NULL,'2024-07-23 20:41:30.455005');
INSERT INTO ewp VALUES(203,'19-0107',NULL,58,'726 33rd Court','HOT, TJI not trusses','2019-04-16','14','','2019-04-22','2019-04-22',NULL,NULL,'2024-07-23 20:41:30.455007');
INSERT INTO ewp VALUES(204,'19-0108',NULL,58,'3570 NW 177th Street','upper floor 14"','2019-04-16','11','','2019-04-23','2019-04-23',NULL,NULL,'2024-07-23 20:41:30.455008');
INSERT INTO ewp VALUES(205,'19-0109',NULL,58,'737 35th Street SW','','2019-04-16','11','','2019-04-22','2019-04-22',NULL,NULL,'2024-07-23 20:41:30.455009');
INSERT INTO ewp VALUES(206,'19-0110',NULL,58,'6332 NE 8th Court','Fraser Plus','2019-04-17','9','','2019-04-30','2019-04-30',NULL,NULL,'2024-07-23 20:41:30.455010');
INSERT INTO ewp VALUES(207,'19-0111',NULL,58,'40 Bailey Circle','Hunter Rental','2019-04-17','9','','2019-04-30','2019-04-30',NULL,NULL,'2024-07-23 20:41:30.455012');
INSERT INTO ewp VALUES(208,'20-0417',NULL,58,'185 Aspen Drive','Vivian, 110''s','2020-08-26','11','','2020-09-09','2020-09-09',NULL,NULL,'2024-07-23 20:41:30.455013');
INSERT INTO ewp VALUES(209,'19-0113',NULL,58,'195 Bailey Circle','Tinsley','2019-04-17','11','','2019-04-30','2019-04-30',NULL,NULL,'2024-07-23 20:41:30.455014');
INSERT INTO ewp VALUES(210,'19-0114',NULL,58,'30 Bailey Circle','Fraser Plus','2019-04-17','9','','2019-04-30','2019-04-30',NULL,NULL,'2024-07-23 20:41:30.455015');
INSERT INTO ewp VALUES(211,'19-0115',NULL,58,'737 63rd Street','Melrose Rental','2019-04-17','9','','2019-04-30','2019-04-30',NULL,NULL,'2024-07-23 20:41:30.455016');
INSERT INTO ewp VALUES(212,'19-0116',NULL,58,'5207 NW 13th Street','Azela','2019-04-18','14','','2019-04-24','2019-04-24',NULL,NULL,'2024-07-23 20:41:30.455017');
INSERT INTO ewp VALUES(213,'19-0117',NULL,58,'6278 NE 8th Court','HOT, Fostoria','2019-04-19','11','','2019-04-23','2019-04-23',NULL,NULL,'2024-07-23 20:41:30.455018');
INSERT INTO ewp VALUES(214,'19-0118',NULL,58,'734 62nd Street','Melrose Rental','2019-04-19','11','','2019-04-30','2019-04-30',NULL,NULL,'2024-07-23 20:41:30.455020');
INSERT INTO ewp VALUES(215,'19-0119',NULL,58,'60 Bailey Circle','Westwood','2019-04-19','11','','2019-05-02','2019-05-02',NULL,NULL,'2024-07-23 20:41:30.455021');
INSERT INTO ewp VALUES(216,'20-0418',NULL,58,'403 Lacy Circle','Rio 3, 110''s','2020-08-26','11','','2020-09-09','2020-09-09',NULL,NULL,'2024-07-23 20:41:30.455022');
INSERT INTO ewp VALUES(217,'19-0121',NULL,58,'3855 Westwind Court','','2019-04-23','11','','2019-05-02','2019-05-02',NULL,NULL,'2024-07-23 20:41:30.455023');
INSERT INTO ewp VALUES(218,'19-0122',NULL,58,'406 West High Road','Wistrom Plus','2019-04-23','11','','2019-05-08','2019-05-08',NULL,NULL,'2024-07-23 20:41:30.455025');
INSERT INTO ewp VALUES(219,'19-0123',NULL,58,'204 SW 16th Street','Baxter BTO','2019-04-23','9','','2019-05-09','2019-05-09',NULL,NULL,'2024-07-23 20:41:30.455026');
INSERT INTO ewp VALUES(220,'19-0124',NULL,58,'9434 Bellflower Lane','Cedar','2019-04-23','11','','2019-05-13','2019-05-13',NULL,NULL,'2024-07-23 20:41:30.455027');
INSERT INTO ewp VALUES(221,'19-0125',NULL,58,'1406 17th Street SE','Hunter','2019-04-23','9','','2019-04-30','2019-04-30',NULL,NULL,'2024-07-23 20:41:30.455028');
INSERT INTO ewp VALUES(222,'20-0448',NULL,58,'401 Ryan Circle','Luna, 110''s','2020-09-10','11.875','','2020-09-23','2020-09-23',NULL,NULL,'2024-07-23 20:41:30.455029');
INSERT INTO ewp VALUES(223,'19-0127',NULL,662,'1382 S 33rd Street','Notting Hill','2019-04-23','11','','2019-04-24','2019-04-24',NULL,NULL,'2024-07-23 20:41:30.455030');
INSERT INTO ewp VALUES(224,'19-0128',NULL,662,'5247 NE Seneca','Selix, changes needed','2019-04-23','11','','2019-04-24','2019-04-24',NULL,NULL,'2024-07-23 20:41:30.455032');
INSERT INTO ewp VALUES(225,'19-0129',NULL,662,'3315 NE 8th Street','Notting Hill','2019-04-23','11','','2019-04-24','2019-04-24',NULL,NULL,'2024-07-23 20:41:30.455033');
INSERT INTO ewp VALUES(226,'19-0130',NULL,321,'2905 SW Pleasant Street','Hunter Rental','2019-04-25','9','','2019-04-30','2019-04-30',NULL,NULL,'2024-07-23 20:41:30.455034');
INSERT INTO ewp VALUES(227,'19-0131',NULL,321,'436 West High Road','Wistrom Plus Rental','2019-04-25','11','','2019-05-08','2019-05-08',NULL,NULL,'2024-07-23 20:41:30.455035');
INSERT INTO ewp VALUES(228,'19-0132',NULL,321,'1402 12th Street SE','Fraser Plus Rental','2019-04-25','9','','2019-04-30','2019-04-30',NULL,NULL,'2024-07-23 20:41:30.455036');
INSERT INTO ewp VALUES(229,'20-0449',NULL,58,'405 Ryan Circle','Ivy, 110''s','2020-09-10','11.875','','2020-09-23','2020-09-23',NULL,NULL,'2024-07-23 20:41:30.455037');
INSERT INTO ewp VALUES(230,'20-0450',NULL,58,'408 Ryan Circle','Glynn','2020-09-10','9.5','','2020-09-23','2020-09-23',NULL,NULL,'2024-07-23 20:41:30.455038');
INSERT INTO ewp VALUES(231,'20-0451',NULL,58,'405 Lacy Circle','Glynn','2020-09-10','9','','2020-09-23','2020-09-23',NULL,NULL,'2024-07-23 20:41:30.455040');
INSERT INTO ewp VALUES(232,'20-0455',NULL,58,'403 Ryan Circle','Havanna, 110''s','2020-09-10','11.875','','2020-09-23','2020-09-23',NULL,NULL,'2024-07-23 20:41:30.455041');
INSERT INTO ewp VALUES(233,'20-0489',NULL,58,'1705 NW 31st Street','','2020-09-25','11','','2020-10-09','2020-10-09',NULL,NULL,'2024-07-23 20:41:30.455042');
INSERT INTO ewp VALUES(234,'19-0138',NULL,58,'1017 Tuscany Drive SE','Fraser Plus BTO','2019-04-30','9','','2019-05-13','2019-05-13',NULL,NULL,'2024-07-23 20:41:30.455043');
INSERT INTO ewp VALUES(235,'19-0139',NULL,58,'9438 Bellflower Lane','Elkport','2019-04-30','11','','2019-05-15','2019-05-15',NULL,NULL,'2024-07-23 20:41:30.455047');
INSERT INTO ewp VALUES(236,'19-0140',NULL,58,'910 South 9th Ave','','2019-05-06','11','','2019-05-07','2019-05-07',NULL,NULL,'2024-07-23 20:41:30.455048');
INSERT INTO ewp VALUES(237,'19-0141',NULL,58,'4435 E 48th Street','Fraser','2019-05-03','9','','2019-05-13','2019-05-13',NULL,NULL,'2024-07-23 20:41:30.455049');
INSERT INTO ewp VALUES(238,'19-0142',NULL,58,'4419 E 48th Street','Fraser BTOr','2019-05-03','9','','2019-05-13','2019-05-13',NULL,NULL,'2024-07-23 20:41:30.455050');
INSERT INTO ewp VALUES(239,'20-0490',NULL,58,'1709 NW 31st Street','','2020-09-25','9','','2020-10-09','2020-10-09',NULL,NULL,'2024-07-23 20:41:30.455052');
INSERT INTO ewp VALUES(240,'20-0630',NULL,58,'3310 Brook Landing','ella','2020-11-30','11.875','','2020-11-30','2020-11-30','2020-12-03',NULL,'2024-07-23 20:41:30.483060');
INSERT INTO ewp VALUES(241,'19-0145',NULL,58,'2503 SW Vintage','repeat of 2311 Vintage','2019-05-07','11','','2019-05-07','2019-05-07',NULL,NULL,'2024-07-23 20:41:30.483422');
INSERT INTO ewp VALUES(242,'19-0146',NULL,58,'960 Juniper Drive','Melrose','2019-05-07','11','','2019-05-15','2019-05-15',NULL,NULL,'2024-07-23 20:41:30.483425');
INSERT INTO ewp VALUES(243,'19-0147',NULL,58,'1144 Radley Street','Forrester','2019-05-07','11','','2019-05-15','2019-05-15',NULL,NULL,'2024-07-23 20:41:30.483427');
INSERT INTO ewp VALUES(244,'19-0148',NULL,58,'3110 Jackpine Drive','','2019-05-08','11','','2019-05-15','2019-05-15',NULL,NULL,'2024-07-23 20:41:30.483428');
INSERT INTO ewp VALUES(245,'19-0149',NULL,58,'3009 NE 8th Street','add steel beam','2019-05-09','11','','2019-05-16','2019-05-16',NULL,NULL,'2024-07-23 20:41:30.483429');
INSERT INTO ewp VALUES(246,'20-0646',NULL,58,'3921 NE 118th','','2020-12-11','11.875','','2020-12-14','2020-12-14','2020-12-16',NULL,'2024-07-23 20:41:30.483632');
INSERT INTO ewp VALUES(247,'19-0151',NULL,58,'3116 NE 8th Street','','2019-05-15','11','','2019-05-15','2019-05-15',NULL,NULL,'2024-07-23 20:41:30.483731');
INSERT INTO ewp VALUES(248,'21-115',NULL,58,'1807 NW 31st St','oakcrest','2021-03-19','11.875','No','2021-03-22','2021-03-22','2021-03-23',NULL,'2024-07-23 20:41:30.483824');
INSERT INTO ewp VALUES(249,'19-0153',NULL,58,'1265 S Wildfire Drive','had to change to 14"','2019-05-13','14','','2019-05-20','2019-05-20',NULL,NULL,'2024-07-23 20:41:30.484096');
INSERT INTO ewp VALUES(250,'19-0154',NULL,58,'1030 Cedar Street','Olive XL','2019-05-14','14','','2019-05-22','2019-05-22',NULL,NULL,'2024-07-23 20:41:30.484098');
INSERT INTO ewp VALUES(251,'19-0155',NULL,58,'1050 Cedar Street','Ivy (had to add steel)','2019-05-14','11','','2019-05-22','2019-05-22',NULL,NULL,'2024-07-23 20:41:30.484100');
INSERT INTO ewp VALUES(252,'19-0156',NULL,58,'1045 Cedar Street','Poppy XL','2019-05-14','14','','2019-05-22','2019-05-22',NULL,NULL,'2024-07-23 20:41:30.484101');
INSERT INTO ewp VALUES(253,'19-0157',NULL,58,'1035 Cedar Street','Indigo','2019-05-14','11','','2019-05-23','2019-05-23',NULL,NULL,'2024-07-23 20:41:30.484102');
INSERT INTO ewp VALUES(254,'19-0158',NULL,58,'1040 Cedar Street','Clover XL','2019-05-14','14','','2019-05-23','2019-05-23',NULL,NULL,'2024-07-23 20:41:30.484103');
INSERT INTO ewp VALUES(255,'19-0159',NULL,58,'1055 Cedar Street','Olive XL','2019-05-14','14','','2019-05-23','2019-05-23',NULL,NULL,'2024-07-23 20:41:30.484104');
INSERT INTO ewp VALUES(256,'21-479',NULL,58,'135 Crossroads Ct ','Ranch','2022-01-19','11.875','FP1-19','2022-01-20','2022-01-20',NULL,NULL,'2024-07-23 20:41:30.484106');
INSERT INTO ewp VALUES(257,'21-480',NULL,58,'204 Crossroads Ct','Ranch ','2022-01-19','11.875','FP1-19','2022-01-20','2022-01-20',NULL,NULL,'2024-07-23 20:41:30.484107');
INSERT INTO ewp VALUES(258,'19-0503',NULL,58,'800 Sandstone Point','David Set $3626.45','2019-11-26','11','','2019-12-11','2019-12-11',NULL,NULL,'2024-07-23 20:41:30.484108');
INSERT INTO ewp VALUES(259,'19-0504',NULL,58,'810 Sandstone Point','Havana','2019-11-26','11','','2019-12-11','2019-12-11',NULL,NULL,'2024-07-23 20:41:30.484109');
INSERT INTO ewp VALUES(260,'19-0237',NULL,770,'Deb Christopher','changes','2019-06-18','11','','2019-06-21','2019-06-21',NULL,NULL,'2024-07-23 20:41:30.484110');
INSERT INTO ewp VALUES(261,'21-1016',NULL,770,'1705 Jones St','Custom House','2023-07-28','14','Hackett','2023-08-08','2023-08-08',NULL,NULL,'2024-07-23 20:41:30.484112');
INSERT INTO ewp VALUES(262,'21-1068',NULL,770,'641 190th Street','Addition','2023-08-30','9 1/2','Karl','2023-09-14','2023-09-14',NULL,NULL,'2024-07-23 20:41:30.484113');
INSERT INTO ewp VALUES(263,'18-0001',NULL,71,'Lot 5 NE 4th Street','','2019-01-15','11','No','2018-07-18','2018-07-18',NULL,NULL,'2024-07-23 20:41:30.484114');
INSERT INTO ewp VALUES(264,'21-950',NULL,73,'2528 250th St','2 Story  (Steel Beam in Basement )','2023-06-16','11 7/8','Hackett','2023-06-30','2023-06-30',NULL,NULL,'2024-07-23 20:41:30.484115');
INSERT INTO ewp VALUES(265,'21-1071',NULL,73,'1269 150th Street','Ranch----HOLD******* Need Updated Plan ','2023-09-05','11 7/8','',NULL,NULL,NULL,NULL,'2024-07-23 20:41:30.484906');
INSERT INTO ewp VALUES(266,'19-0170',NULL,662,'5223 NW 13th Street','','2019-05-14','11','','2019-06-06','2019-06-06',NULL,NULL,'2024-07-23 20:41:30.485556');
INSERT INTO ewp VALUES(267,'19-0171',NULL,321,'9856 9864 Regatta Lane','Cayman Duplex','2019-05-14','11','','2019-06-13','2019-06-13',NULL,NULL,'2024-07-23 20:41:30.485561');
INSERT INTO ewp VALUES(268,'19-0172',NULL,321,'1157 South 92nd Street','Forrester','2019-05-14','11','','2019-06-13','2019-06-13',NULL,NULL,'2024-07-23 20:41:30.485563');
INSERT INTO ewp VALUES(269,'21-1356',NULL,73,'1269 150th Street','Ranch','2024-03-12','11 7/8','Karl','2024-03-15','2024-03-15',NULL,NULL,'2024-07-23 20:41:30.485565');
INSERT INTO ewp VALUES(270,'19-0266',NULL,81,'5030 Bull Dog Ave','','2019-07-15','11','','2019-07-18','2019-07-18',NULL,NULL,'2024-07-23 20:41:30.485567');
INSERT INTO ewp VALUES(271,'19-0175',NULL,662,'17536 Aurora Drive','','2019-05-17','14','','2019-06-06','2019-06-06',NULL,NULL,'2024-07-23 20:41:30.485569');
INSERT INTO ewp VALUES(272,'19-0176',NULL,662,'818 33rd Court','','2019-05-17','11','','2019-06-06','2019-06-06',NULL,NULL,'2024-07-23 20:41:30.485571');
INSERT INTO ewp VALUES(273,'19-0177',NULL,321,'4411 E 48th Street','Jasmine','2019-05-20','11','','2019-06-13','2019-06-13',NULL,NULL,'2024-07-23 20:41:30.485573');
INSERT INTO ewp VALUES(274,'19-0178',NULL,321,'4427 E 48th Street','Scranton','2019-05-20','9','','2019-06-17','2019-06-17',NULL,NULL,'2024-07-23 20:41:30.485574');
INSERT INTO ewp VALUES(275,'19-0179',NULL,321,'1164 1170 Atticus Street','Cayman Duplex','2019-05-20','11','','2019-06-17','2019-06-17',NULL,NULL,'2024-07-23 20:41:30.485576');
INSERT INTO ewp VALUES(276,'19-0180',NULL,321,'5419 166th Court','Fraser Plus','2019-05-20','9','','2019-06-17','2019-06-17',NULL,NULL,'2024-07-23 20:41:30.485578');
INSERT INTO ewp VALUES(277,'19-0181',NULL,321,'706 Dogwood Lane','Fraser Plus','2019-05-20','9','','2019-06-12','2019-06-12',NULL,NULL,'2024-07-23 20:41:30.485580');
INSERT INTO ewp VALUES(278,'19-0182',NULL,321,'715 717 Dogwood Lane','Bradford Duplex','2019-05-20','9','','2019-06-17','2019-06-17',NULL,NULL,'2024-07-23 20:41:30.485582');
INSERT INTO ewp VALUES(279,'19-0342',NULL,81,'3590 NW 178th Ct','personal res, flush patio hdr','2019-08-20','14','','2019-09-09','2019-09-09',NULL,NULL,'2024-07-23 20:41:30.485584');
INSERT INTO ewp VALUES(280,'19-0375',NULL,81,'17661 Phoenix Drive','','2019-09-05','11','','2019-10-09','2019-10-09',NULL,NULL,'2024-07-23 20:41:30.485586');
INSERT INTO ewp VALUES(281,'20-0065',NULL,81,'915 NE Badger Lane','','2020-03-13','11','','2020-03-17','2020-03-17',NULL,NULL,'2024-07-23 20:41:30.485588');
INSERT INTO ewp VALUES(282,'19-0186',NULL,662,'1257 S Wildfire Drive','Dash Reversed','2019-05-21','11','','2019-06-06','2019-06-06',NULL,NULL,'2024-07-23 20:41:30.485590');
INSERT INTO ewp VALUES(283,'20-0068',NULL,81,'17712 Baxter Court','Ijoist not trusses','2020-03-13','14','','2020-03-18','2020-03-18',NULL,NULL,'2024-07-23 20:41:30.485592');
INSERT INTO ewp VALUES(284,'20-0102',NULL,81,'8103 Lakshore Drive','extra under island','2020-04-03','11','','2020-04-09','2020-04-09',NULL,NULL,'2024-07-23 20:41:30.485594');
INSERT INTO ewp VALUES(285,'19-0189',NULL,994,'990 NE Badger Lane','','2019-05-22','11','','2019-06-03','2019-06-03',NULL,NULL,'2024-07-23 20:41:30.485596');
INSERT INTO ewp VALUES(286,'20-0359',NULL,81,'17564 Aurora Drive','','2020-08-11','11','','2020-08-31','2020-08-31',NULL,NULL,'2024-07-23 20:41:30.485597');
INSERT INTO ewp VALUES(287,'19-0191',NULL,662,'2111 SW Cascade Fall Drive','Hemping Res','2019-05-24','14','','2019-06-10','2019-06-10',NULL,NULL,'2024-07-23 20:41:30.485599');
INSERT INTO ewp VALUES(288,'19-0192',NULL,662,'13253 Zook Spur Drive','','2019-05-24','11','','2019-06-11','2019-06-11',NULL,NULL,'2024-07-23 20:41:30.485601');
INSERT INTO ewp VALUES(289,'20-0422',NULL,81,'8335 Boston Trail','','2020-08-27','11','','2020-09-10','2020-09-10',NULL,NULL,'2024-07-23 20:41:30.485603');
INSERT INTO ewp VALUES(290,'19-0194',NULL,276,'1279 S Cape Point','','2019-05-28','11','','2019-06-07','2019-06-07',NULL,NULL,'2024-07-23 20:41:30.485605');
INSERT INTO ewp VALUES(291,'19-0195',NULL,321,'1129 S 92nd Street','Kellerton BTO','2019-05-29','14','','2019-06-18','2019-06-18',NULL,NULL,'2024-07-23 20:41:30.485607');
INSERT INTO ewp VALUES(292,'19-0196',NULL,321,'185 Bailey Circle','Fostoria 2.0','2019-05-29','11','','2019-06-12','2019-06-12',NULL,NULL,'2024-07-23 20:41:30.485609');
INSERT INTO ewp VALUES(293,'19-0197',NULL,662,'730 Daybreak Drive','','2019-05-29','11','','2019-06-11','2019-06-11',NULL,NULL,'2024-07-23 20:41:30.485611');
INSERT INTO ewp VALUES(294,'20-0635',NULL,81,'1631 Thomas Street','','2020-12-02','11.875','','2020-12-10','2020-12-10','2021-01-08',NULL,'2024-07-23 20:41:30.486518');
INSERT INTO ewp VALUES(295,'21-083',NULL,81,'7712 NW 95th Court','','2021-03-08','11.875','','2021-03-08','2021-03-08',NULL,NULL,'2024-07-23 20:41:30.486728');
INSERT INTO ewp VALUES(296,'21-370',NULL,81,'5020 149th Ct','1969 plan','2021-09-07','11.875','Higgins','2021-09-08','2021-09-08',NULL,NULL,'2024-07-23 20:41:30.486731');
INSERT INTO ewp VALUES(297,'19-0201',NULL,321,'4416 E 48th Street','Joice','2019-06-03','14','','2019-06-03','2019-06-03',NULL,NULL,'2024-07-23 20:41:30.486733');
INSERT INTO ewp VALUES(298,'21-563',NULL,81,'17618 Valley View Drive ','Ranch Plan ','2022-03-29','11.875','Hackett','2022-04-06','2022-04-07',NULL,NULL,'2024-07-23 20:41:30.486734');
INSERT INTO ewp VALUES(299,'21-630',NULL,81,'1110 Harrington Way','Ranch','2022-05-19','11.875','Hackett','2022-05-23','2022-05-23',NULL,NULL,'2024-07-23 20:41:30.486735');
INSERT INTO ewp VALUES(300,'21-631',NULL,81,'5035 152nd Street','Ranch ','2022-05-19','11.875','Hackett','2022-05-25','2022-06-02',NULL,NULL,'2024-07-23 20:41:30.486736');
COMMIT;
